player_id,name,position,in_squad_count,in_starting_count,captain_count,squad_pct,starting_pct,captain_pct
480,Nowak,3,933,930,235,93.3%,93.0%,23.5%
2205,Pululu,4,794,771,67,79.4%,77.1%,6.7%
2234,Gholizadeh,3,680,676,68,68.0%,67.6%,6.8%
2110,Mena,3,628,611,55,62.8%,61.1%,5.5%
860,Długosz,2,557,528,11,55.7%,52.8%,1.1%
303,Stępiński,4,502,474,19,50.2%,47.4%,1.9%
2560,Ciszek,,498,10,0,49.8%,1.0%,0.0%
765,Imaz,3,412,411,146,41.2%,41.1%,14.6%
951,Jędrych,2,380,356,0,38.0%,35.6%,0.0%
1299,Carlos,,375,220,0,37.5%,22.0%,0.0%
2598,Matysek,,359,0,0,35.9%,0.0%,0.0%
2423,N&#039;Diaye,3,357,339,12,35.7%,33.9%,1.2%
1540,Wojtuszek,2,354,242,0,35.4%,24.2%,0.0%
1363,Wdowik,2,344,311,1,34.4%,31.1%,0.1%
2671,Czubak,4,341,339,68,34.1%,33.9%,6.8%
790,Plach,1,326,283,0,32.6%,28.3%,0.0%
2411,Bobček,4,306,305,135,30.6%,30.5%,13.5%
2123,Gurgul,2,293,261,0,29.3%,26.1%,0.0%
1757,Mrozek,1,272,253,1,27.2%,25.3%,0.1%
563,Wasielewski,2,269,230,1,26.9%,23.0%,0.1%
2476,Braut Brunes,4,261,227,11,26.1%,22.7%,1.1%
2608,Vereshchak,,214,1,0,21.4%,0.1%,0.0%
1794,Grosicki,3,198,198,41,19.8%,19.8%,4.1%
1192,Janža,2,166,141,0,16.6%,14.1%,0.0%
1795,Abramowicz,1,158,141,0,15.8%,14.1%,0.0%
2562,Mazurek,,145,67,0,14.5%,6.7%,0.0%
2623,Topór,,126,0,0,12.6%,0.0%,0.0%
2481,Hasić,3,124,117,23,12.4%,11.7%,2.3%
1010,Félix Garcia,,111,67,2,11.1%,6.7%,0.2%
774,Bergier,4,109,99,10,10.9%,9.9%,1.0%
2287,Zych,,101,74,0,10.1%,7.4%,0.0%
1225,Grzesik,2,92,86,3,9.2%,8.6%,0.3%
827,Grzybek,2,92,83,0,9.2%,8.3%,0.0%
1475,Ishak,4,86,85,22,8.6%,8.5%,2.2%
2643,Zając,,84,0,0,8.4%,0.0%,0.0%
2827,Ligocki,,76,0,0,7.6%,0.0%,0.0%
2530,Lewandowski,,76,0,0,7.6%,0.0%,0.0%
2696,Głowiński,,76,0,0,7.6%,0.0%,0.0%
2829,Urbański,,75,0,0,7.5%,0.0%,0.0%
2717,Rodríguez,3,70,64,4,7.0%,6.4%,0.4%
2736,Popielec,,68,0,0,6.8%,0.0%,0.0%
2384,Galán,2,66,57,0,6.6%,5.7%,0.0%
2753,Šutalo,2,64,64,1,6.4%,6.4%,0.1%
130,Burić,1,64,57,0,6.4%,5.7%,0.0%
2817,Kornvig,3,62,56,1,6.2%,5.6%,0.1%
2389,Diaby-Fadiga,,60,34,1,6.0%,3.4%,0.1%
2483,Capita,3,58,57,8,5.8%,5.7%,0.8%
2406,Chłań,3,56,46,0,5.6%,4.6%,0.0%
2053,Madejski,,56,52,0,5.6%,5.2%,0.0%
2367,Mońka,2,54,45,0,5.4%,4.5%,0.0%
1928,Svarnas,,54,30,0,5.4%,3.0%,0.0%
1097,Krzepisz,,52,0,0,5.2%,0.0%,0.0%
2071,Koútris,2,49,44,0,4.9%,4.4%,0.0%
633,Wdowiak,3,49,37,0,4.9%,3.7%,0.0%
1625,Rusyn,4,49,37,3,4.9%,3.7%,0.3%
1616,Zreľák,,49,32,1,4.9%,3.2%,0.1%
2286,Cojocaru,,48,46,1,4.8%,4.6%,0.1%
722,Angielski,4,48,40,1,4.8%,4.0%,0.1%
2679,Mukairu,3,45,45,3,4.5%,4.5%,0.3%
994,Klemenz,2,42,34,0,4.2%,3.4%,0.0%
2775,Ronaldo,3,41,40,9,4.1%,4.0%,0.9%
1341,Tudor,,41,23,0,4.1%,2.3%,0.0%
2016,Lewicki,2,40,16,0,4.0%,1.6%,0.0%
2701,Plichta,,40,0,0,4.0%,0.0%,0.0%
632,Nowak,,39,29,0,3.9%,2.9%,0.0%
2600,Szafrański,,39,0,0,3.9%,0.0%,0.0%
138,Gumny,2,38,31,0,3.8%,3.1%,0.0%
2800,Cheng,2,38,31,1,3.8%,3.1%,0.1%
2561,Mikielewicz,,37,0,0,3.7%,0.0%,0.0%
2250,Rychta,,36,0,0,3.6%,0.0%,0.0%
2790,Kaczorowski,,36,0,0,3.6%,0.0%,0.0%
991,Neugebauer,3,36,29,0,3.6%,2.9%,0.0%
1909,Adamski,4,34,27,1,3.4%,2.7%,0.1%
2280,Ulvestad,3,33,29,1,3.3%,2.9%,0.1%
2514,Jesionowski,,33,0,0,3.3%,0.0%,0.0%
2424,Wolski,3,32,31,0,3.2%,3.1%,0.0%
2293,Turek,,30,0,0,3.0%,0.0%,0.0%
2764,Sinkiewicz,,29,0,0,2.9%,0.0%,0.0%
2698,Bengtsson,,28,21,0,2.8%,2.1%,0.0%
2751,Stanowski,,28,0,0,2.8%,0.0%,0.0%
1719,Ameyaw,,27,19,0,2.7%,1.9%,0.0%
1435,Strączek,,26,18,0,2.6%,1.8%,0.0%
2706,Kukulski,,26,0,0,2.6%,0.0%,0.0%
2477,Reguła,3,26,26,1,2.6%,2.6%,0.1%
2281,Kerk,3,25,24,2,2.5%,2.4%,0.2%
1835,Biczachczjan,3,24,12,1,2.4%,1.2%,0.1%
1569,Wójcik,2,24,24,0,2.4%,2.4%,0.0%
1573,Milić,2,24,22,0,2.4%,2.2%,0.0%
2757,Krasniqi,3,24,21,0,2.4%,2.1%,0.0%
2789,Kokosiński,,23,0,0,2.3%,0.0%,0.0%
2750,Jakubowski,,23,0,0,2.3%,0.0%,0.0%
1853,Racovițan,2,23,15,0,2.3%,1.5%,0.0%
1126,Piątkowski,2,22,10,0,2.2%,1.0%,0.0%
2366,Golonka,,22,0,0,2.2%,0.0%,0.0%
701,Kun,2,22,8,0,2.2%,0.8%,0.0%
2741,Peškovič,,22,0,0,2.2%,0.0%,0.0%
256,Czerwiński,,22,9,0,2.2%,0.9%,0.0%
2825,Sans,3,21,19,1,2.1%,1.9%,0.1%
2799,Bukari,3,21,21,0,2.1%,2.1%,0.0%
2505,Keramítsis,2,20,18,0,2.0%,1.8%,0.0%
2801,Drągowski,1,20,17,0,2.0%,1.7%,0.0%
2821,Szalai,2,20,16,0,2.0%,1.6%,0.0%
128,Sekulski,4,20,18,1,2.0%,1.8%,0.1%
1782,Maurides,4,20,18,3,2.0%,1.8%,0.3%
2781,Rogelj,,19,13,0,1.9%,1.3%,0.0%
2708,Rajović,,18,3,0,1.8%,0.3%,0.0%
2705,Pruszkowski,,18,0,0,1.8%,0.0%,0.0%
1539,López,3,18,16,0,1.8%,1.6%,0.0%
1407,Seweryś,,17,0,0,1.7%,0.0%,0.0%
1400,Dziekoński,1,17,15,0,1.7%,1.5%,0.0%
2435,Ouattara,2,17,14,0,1.7%,1.4%,0.0%
2468,Harciński,,16,0,0,1.6%,0.0%,0.0%
1747,Drapiński,,16,4,0,1.6%,0.4%,0.0%
1712,Pereira,,16,7,0,1.6%,0.7%,0.0%
2786,Bałabuch,,16,0,0,1.6%,0.0%,0.0%
171,Chrapek,3,16,9,0,1.6%,0.9%,0.0%
2756,Paulsen,1,15,10,0,1.5%,1.0%,0.0%
1675,Majchrowicz,1,15,9,0,1.5%,0.9%,0.0%
2728,Rivas,,15,7,0,1.5%,0.7%,0.0%
2376,Trepka,,15,0,0,1.5%,0.0%,0.0%
458,Reca,2,15,4,0,1.5%,0.4%,0.0%
2754,Klat,,14,0,0,1.4%,0.0%,0.0%
2524,Gryzio,,14,0,0,1.4%,0.0%,0.0%
2768,Čolak,,14,5,0,1.4%,0.5%,0.0%
992,Wiśniewski,2,14,13,0,1.4%,1.3%,0.0%
2823,Leszczyński,,14,1,0,1.4%,0.1%,0.0%
1715,Tobiasz,,13,1,0,1.3%,0.1%,0.0%
2637,Kamiński,2,13,10,0,1.3%,1.0%,0.0%
1285,Luquinhas,3,13,12,0,1.3%,1.2%,0.0%
1411,Leszczyński,,13,8,0,1.3%,0.8%,0.0%
2676,Twumasi,2,13,4,0,1.3%,0.4%,0.0%
1580,Konik,,13,0,0,1.3%,0.0%,0.0%
2603,Kubiak,3,12,5,0,1.2%,0.5%,0.0%
1327,K. Urbański,,12,6,0,1.2%,0.6%,0.0%
1632,Kozubal,,12,8,0,1.2%,0.8%,0.0%
2733,Palma,,12,9,0,1.2%,0.9%,0.0%
2783,Zeqiri,4,11,6,0,1.1%,0.6%,0.0%
2739,Cymerys,,11,0,0,1.1%,0.0%,0.0%
2552,Sotiríou,2,11,9,0,1.1%,0.9%,0.0%
2475,Grzejszczak,,11,0,0,1.1%,0.0%,0.0%
2779,Jurić,,11,4,0,1.1%,0.4%,0.0%
2669,Vojtko,,11,7,0,1.1%,0.7%,0.0%
2767,Agnero,,10,4,0,1.0%,0.4%,0.0%
1086,Zapolnik,,10,5,1,1.0%,0.5%,0.1%
2824,Żabicki,,10,0,0,1.0%,0.0%,0.0%
2587,Kopczyński,,10,0,0,1.0%,0.0%,0.0%
2747,Vallejo,,10,6,0,1.0%,0.6%,0.0%
2735,Swatowski,,10,0,0,1.0%,0.0%,0.0%
2719,Sanca,3,9,7,1,0.9%,0.7%,0.1%
2240,Niedbała,1,9,1,0,0.9%,0.1%,0.0%
2551,Barkowskij,,9,4,0,0.9%,0.4%,0.0%
2740,Lecoeuche,,9,3,0,0.9%,0.3%,0.0%
2104,Sáček,2,9,4,0,0.9%,0.4%,0.0%
2826,Szabó,4,9,9,4,0.9%,0.9%,0.4%
2374,Szczuka,,8,0,0,0.8%,0.0%,0.0%
2758,Greenwood,,8,1,0,0.8%,0.1%,0.0%
2032,Leśniak,,8,2,0,0.8%,0.2%,0.0%
2498,Wålemark,,8,5,0,0.8%,0.5%,0.0%
2707,Pozo,,8,4,0,0.8%,0.4%,0.0%
2073,Wahlqvist,,8,1,0,0.8%,0.1%,0.0%
2793,Dominguès,3,8,4,0,0.8%,0.4%,0.0%
2777,Pelmard,,8,2,0,0.8%,0.2%,0.0%
2577,Ćorluka,2,8,8,1,0.8%,0.8%,0.1%
2346,Żewłakow,,7,0,0,0.7%,0.0%,0.0%
1623,Borowski,,7,1,0,0.7%,0.1%,0.0%
2588,Perković,2,7,7,1,0.7%,0.7%,0.1%
2571,Henriksson,2,7,7,0,0.7%,0.7%,0.0%
2832,Grelich,,7,0,0,0.7%,0.0%,0.0%
2734,Pietryga,,7,0,0,0.7%,0.0%,0.0%
2721,Borowski,,7,0,0,0.7%,0.0%,0.0%
392,Jagiełło,,7,4,0,0.7%,0.4%,0.0%
2408,Kapić,3,7,6,0,0.7%,0.6%,0.0%
681,Nalepa,2,6,6,0,0.6%,0.6%,0.0%
1280,Michalski,2,6,4,0,0.6%,0.4%,0.0%
2629,Faßbender,3,6,6,2,0.6%,0.6%,0.2%
2828,Marek,,6,0,0,0.6%,0.0%,0.0%
2206,Dalmau,,6,1,0,0.6%,0.1%,0.0%
2595,Polak,,6,0,0,0.6%,0.0%,0.0%
2661,Vital,2,6,5,0,0.6%,0.5%,0.0%
1521,Kapustka,3,5,3,2,0.5%,0.3%,0.2%
2526,Liseth,,5,4,0,0.5%,0.4%,0.0%
1168,Makuch,,5,0,0,0.5%,0.0%,0.0%
2057,Kolasa,,5,0,0,0.5%,0.0%,0.0%
1529,Fornalczyk,,5,0,0,0.5%,0.0%,0.0%
1880,Szkurin,,5,2,0,0.5%,0.2%,0.0%
1935,Shehu,3,5,5,0,0.5%,0.5%,0.0%
2574,Mozie,,5,0,0,0.5%,0.0%,0.0%
2454,Resta,2,5,2,0,0.5%,0.2%,0.0%
2802,Lerager,3,5,3,0,0.5%,0.3%,0.0%
1968,Mijuśković,2,5,4,0,0.5%,0.4%,0.0%
86,Romanczuk,3,5,4,0,0.5%,0.4%,0.0%
147,Jóźwiak,,5,2,0,0.5%,0.2%,0.0%
2718,Antonin,,4,2,0,0.4%,0.2%,0.0%
1770,Pieńko,,4,0,0,0.4%,0.0%,0.0%
2763,Traoré,2,4,3,0,0.4%,0.3%,0.0%
2160,Jakuba,2,4,4,0,0.4%,0.4%,0.0%
2491,Wojciechowski,,4,0,0,0.4%,0.0%,0.0%
1477,Sezonienko,3,4,4,1,0.4%,0.4%,0.1%
395,Kubicki,3,4,4,0,0.4%,0.4%,0.0%
2818,Tabisz,,4,0,0,0.4%,0.0%,0.0%
2316,Pruchniewski,1,4,1,0,0.4%,0.1%,0.0%
2410,Żelizko,3,4,3,0,0.4%,0.3%,0.0%
2001,Leiva,3,3,3,0,0.3%,0.3%,0.0%
2507,Diaz,,3,2,1,0.3%,0.2%,0.1%
2134,Tomaszewski,,3,0,0,0.3%,0.0%,0.0%
2535,Kingué,2,3,3,0,0.3%,0.3%,0.0%
2692,Szafranek,,3,0,0,0.3%,0.0%,0.0%
1893,Pacheco,3,3,1,0,0.3%,0.1%,0.0%
2788,Leśniewski,,3,0,0,0.3%,0.0%,0.0%
2176,Kowalczyk,,3,1,0,0.3%,0.1%,0.0%
1545,Rodin,2,3,3,0,0.3%,0.3%,0.0%
2566,Pozo,3,3,2,0,0.3%,0.2%,0.0%
2047,Kurminowski,,3,0,0,0.3%,0.0%,0.0%
2256,Molendowski,,3,0,0,0.3%,0.0%,0.0%
2368,Tobolik,,3,0,0,0.3%,0.0%,0.0%
2555,Stachowicz,,3,0,0,0.3%,0.0%,0.0%
184,Wolski,3,3,2,0,0.3%,0.2%,0.0%
2520,Pomietło,,3,0,0,0.3%,0.0%,0.0%
1169,Skrzypczak,,3,0,0,0.3%,0.0%,0.0%
2473,Kosidis,,2,0,0,0.2%,0.0%,0.0%
2059,Kolan,,2,1,0,0.2%,0.1%,0.0%
2582,Minczew,3,2,2,0,0.2%,0.2%,0.0%
2744,Andréou,2,2,1,0,0.2%,0.1%,0.0%
2780,Ćirković,3,2,1,0,0.2%,0.1%,0.0%
2594,Daniel,,2,0,0,0.2%,0.0%,0.0%
2198,Krzywański,,2,0,0,0.2%,0.0%,0.0%
2386,Hellebrand,3,2,2,0,0.2%,0.2%,0.0%
2699,Rodrigues,3,2,2,0,0.2%,0.2%,0.0%
1430,Hilbrycht,,2,1,0,0.2%,0.1%,0.0%
2589,Dadaşov,,2,0,0,0.2%,0.0%,0.0%
2635,Deisadze,,2,0,0,0.2%,0.0%,0.0%
2208,Remacle,3,2,2,0,0.2%,0.2%,0.0%
2648,Lejman,,2,0,0,0.2%,0.0%,0.0%
645,Kurzawa,,2,1,0,0.2%,0.1%,0.0%
2787,Damasiewicz,,2,0,0,0.2%,0.0%,0.0%
2461,Ismaheel,,2,1,0,0.2%,0.1%,0.0%
2444,Krajewski,2,2,1,0,0.2%,0.1%,0.0%
587,Dziczek,,2,0,0,0.2%,0.0%,0.0%
2239,Orlikowski,,2,0,0,0.2%,0.0%,0.0%
2668,Svetlin,3,2,2,0,0.2%,0.2%,0.0%
2713,Kozik,,2,0,0,0.2%,0.0%,0.0%
2387,Josema,,2,0,0,0.2%,0.0%,0.0%
2189,Diéguez,2,2,2,0,0.2%,0.2%,0.0%
2554,Madej,,2,0,0,0.2%,0.0%,0.0%
2791,Janyszka,,2,0,0,0.2%,0.0%,0.0%
2659,Łubik,1,2,2,0,0.2%,0.2%,0.0%
2622,Chovan,1,2,2,0,0.2%,0.2%,0.0%
2069,Mucha,,2,0,0,0.2%,0.0%,0.0%
2046,Drachal,3,2,1,0,0.2%,0.1%,0.0%
2745,Klich,3,1,1,0,0.1%,0.1%,0.0%
1814,Kusztal,,1,0,0,0.1%,0.0%,0.0%
2564,Sochań,,1,0,0,0.1%,0.0%,0.0%
2058,Kocaba,3,1,1,0,0.1%,0.1%,0.0%
57,Węglarz,,1,0,0,0.1%,0.0%,0.0%
1561,Pankiewicz,,1,0,0,0.1%,0.0%,0.0%
2609,Gojny,2,1,1,0,0.1%,0.1%,0.0%
2610,Navarro,2,1,1,0,0.1%,0.1%,0.0%
2722,Minuczyc,,1,0,0,0.1%,0.0%,0.0%
1345,Kocyła,,1,0,0,0.1%,0.0%,0.0%
2727,Ława,,1,0,0,0.1%,0.0%,0.0%
2082,Rocha,4,1,1,0,0.1%,0.1%,0.0%
432,Tomasiewicz,,1,0,0,0.1%,0.0%,0.0%
2742,Zahiroleslam,,1,0,0,0.1%,0.0%,0.0%
2450,Brkić,1,1,1,0,0.1%,0.1%,0.0%
2494,Pllana,2,1,1,0,0.1%,0.1%,0.0%
1858,Antczak,,1,0,0,0.1%,0.0%,0.0%
415,Marcjanik,,1,0,0,0.1%,0.0%,0.0%
2553,Wyganowski,,1,0,0,0.1%,0.0%,0.0%
773,Scalet,,1,0,0,0.1%,0.0%,0.0%
2565,Dudek,,1,0,0,0.1%,0.0%,0.0%
2404,Kałahur,,1,0,0,0.1%,0.0%,0.0%
830,Szota,2,1,1,0,0.1%,0.1%,0.0%
2711,Espiau,,1,0,0,0.1%,0.0%,0.0%
2462,Al-Ammari,3,1,1,1,0.1%,0.1%,0.1%
988,Kubica,3,1,1,0,0.1%,0.1%,0.0%
640,Kopacz,2,1,1,0,0.1%,0.1%,0.0%
2409,Kardaś,,1,0,0,0.1%,0.0%,0.0%
168,Stolarski,2,1,1,0,0.1%,0.1%,0.0%
2430,Nsame,,1,0,0,0.1%,0.0%,0.0%
698,Czerwiński,2,1,1,0,0.1%,0.1%,0.0%
2150,Wójtowicz,3,1,1,0,0.1%,0.1%,0.0%
2458,Zwoźny,2,1,1,0,0.1%,0.1%,0.0%
2523,Wichtowski,,1,0,0,0.1%,0.0%,0.0%
2720,Nawrocki,,1,0,0,0.1%,0.0%,0.0%
2126,Bogacz,,1,0,0,0.1%,0.0%,0.0%
2795,Krasiewicz,,1,0,0,0.1%,0.0%,0.0%
2225,Álvarez,3,1,1,0,0.1%,0.1%,0.0%
664,Ambrosiewicz,,1,0,0,0.1%,0.0%,0.0%
20,Dąbrowski,,1,0,0,0.1%,0.0%,0.0%
2712,Niárchos,,1,0,0,0.1%,0.0%,0.0%
2633,Marcinkowski,,1,0,0,0.1%,0.0%,0.0%
1206,Mleczko,,1,0,0,0.1%,0.0%,0.0%
1970,Dominguez,3,1,1,0,0.1%,0.1%,0.0%
111,Cebula,,1,0,0,0.1%,0.0%,0.0%
1922,Piła,2,1,1,0,0.1%,0.1%,0.0%
2804,Rupanow,4,1,1,0,0.1%,0.1%,0.0%
2640,Haglind-Sangré,,1,0,0,0.1%,0.0%,0.0%
2805,Hindrich,,1,0,0,0.1%,0.0%,0.0%
