player_id,name,team,position,total_points,price,points_per_price,popularity_pct,stats_url,form,availability_status,xg_per90,shots_per90,shots_on_target_per90,key_passes_per90,crosses_per90,crosses_accurate_per90
1319,Paweł Wszołek,Legia Warszawa,Obrońca,35,2.2,15.91,53%,https://fantasy.ekstraklasa.org/player/1319,"[{'r': 1, 'pts': 11, 'p': True}, {'r': 2, 'pts': 7, 'p': True}, {'r': 3, 'pts': 2, 'p': True}, {'r': 4, 'pts': 15, 'p': True}, {'r': 5, 'pts': 0, 'p': False}]",,,,,,,
1987,Jordi Sánchez,Wisła Kraków,Napastnik,33,2.0,16.5,44%,https://fantasy.ekstraklasa.org/player/1987,"[{'r': 1, 'pts': 8, 'p': True}, {'r': 2, 'pts': 11, 'p': True}, {'r': 3, 'pts': 8, 'p': True}, {'r': 4, 'pts': 6, 'p': True}, {'r': 5, 'pts': 0, 'p': False}]",,,,,,,
2431,Rúben Vinagre,Legia Warszawa,Obrońca,29,2.0,14.5,35%,https://fantasy.ekstraklasa.org/player/2431,"[{'r': 1, 'pts': 6, 'p': True}, {'r': 2, 'pts': 10, 'p': True}, {'r': 3, 'pts': 2, 'p': True}, {'r': 4, 'pts': 11, 'p': True}, {'r': 5, 'pts': 0, 'p': False}]",,,,,,,
2481,Ajdin Hasić,Cracovia,Pomocnik,26,2.2,11.82,13%,https://fantasy.ekstraklasa.org/player/2481,"[{'r': 1, 'pts': 2, 'p': True}, {'r': 2, 'pts': 2, 'p': True}, {'r': 3, 'pts': 3, 'p': True}, {'r': 4, 'pts': 6, 'p': True}, {'r': 5, 'pts': 13, 'p': True}]",,,,,,,
2901,Tobias Christensen,Wieczysta Kraków,Pomocnik,25,1.9,13.16,12%,https://fantasy.ekstraklasa.org/player/2901,"[{'r': 1, 'pts': 1, 'p': True}, {'r': 2, 'pts': 1, 'p': True}, {'r': 4, 'pts': 21, 'p': True}, {'r': 5, 'pts': 2, 'p': True}]",,,,,,,
1092,Piotr Samiec-Talar,Śląsk Wrocław,Pomocnik,24,2.1,11.43,33%,https://fantasy.ekstraklasa.org/player/1092,"[{'r': 1, 'pts': 5, 'p': True}, {'r': 2, 'pts': 9, 'p': True}, {'r': 3, 'pts': 3, 'p': True}, {'r': 4, 'pts': 7, 'p': True}, {'r': 5, 'pts': 0, 'p': False}]",,,,,,,
923,Rafał Augustyniak,Legia Warszawa,Obrońca,23,1.9,12.11,6%,https://fantasy.ekstraklasa.org/player/923,"[{'r': 1, 'pts': 6, 'p': True}, {'r': 2, 'pts': 3, 'p': True}, {'r': 3, 'pts': 2, 'p': True}, {'r': 4, 'pts': 12, 'p': True}, {'r': 5, 'pts': 0, 'p': False}]",,,,,,,
1521,Bartosz Kapustka,Legia Warszawa,Pomocnik,23,1.9,12.11,12%,https://fantasy.ekstraklasa.org/player/1521,"[{'r': 1, 'pts': 4, 'p': True}, {'r': 2, 'pts': 3, 'p': True}, {'r': 3, 'pts': 2, 'p': True}, {'r': 4, 'pts': 14, 'p': True}, {'r': 5, 'pts': 0, 'p': False}]",,,,,,,
2423,Mbaye N'Diaye,Motor Lublin,Pomocnik,23,2.4,9.58,29%,https://fantasy.ekstraklasa.org/player/2423,"[{'r': 1, 'pts': 8, 'p': True}, {'r': 2, 'pts': 5, 'p': True}, {'r': 3, 'pts': 2, 'p': True}, {'r': 4, 'pts': 8, 'p': True}, {'r': 5, 'pts': 0, 'p': False}]",,,,,,,
1126,Kamil Piątkowski,Legia Warszawa,Obrońca,22,2.0,11.0,13%,https://fantasy.ekstraklasa.org/player/1126,"[{'r': 1, 'pts': 6, 'p': True}, {'r': 2, 'pts': 3, 'p': True}, {'r': 3, 'pts': 7, 'p': True}, {'r': 4, 'pts': 6, 'p': True}, {'r': 5, 'pts': 0, 'p': False}]",,,,,,,
1507,Łukasz Zjawiński,Legia Warszawa,Napastnik,22,2.2,10.0,30%,https://fantasy.ekstraklasa.org/player/1507,"[{'r': 1, 'pts': 3, 'p': True}, {'r': 2, 'pts': 8, 'p': True}, {'r': 3, 'pts': 6, 'p': True}, {'r': 4, 'pts': 5, 'p': True}, {'r': 5, 'pts': 0, 'p': False}]",,,,,,,
2588,Mauro Perković,Cracovia,Obrońca,22,1.8,12.22,3%,https://fantasy.ekstraklasa.org/player/2588,"[{'r': 1, 'pts': 5, 'p': True}, {'r': 2, 'pts': 1, 'p': True}, {'r': 3, 'pts': 5, 'p': True}, {'r': 4, 'pts': 3, 'p': True}, {'r': 5, 'pts': 8, 'p': True}]",,,,,,,
2577,Josip Ćorluka,Zagłębie Lubin,Obrońca,20,1.8,11.11,6%,https://fantasy.ekstraklasa.org/player/2577,"[{'r': 1, 'pts': 6, 'p': True}, {'r': 2, 'pts': 0, 'p': True}, {'r': 4, 'pts': 14, 'p': True}, {'r': 5, 'pts': 0, 'p': False}]",,,,,,,
2880,Marko Bozic,Wisła Kraków,Pomocnik,20,1.9,10.53,24%,https://fantasy.ekstraklasa.org/player/2880,"[{'r': 1, 'pts': 8, 'p': True}, {'r': 2, 'pts': 7, 'p': True}, {'r': 3, 'pts': 3, 'p': True}, {'r': 4, 'pts': 2, 'p': True}, {'r': 5, 'pts': 0, 'p': False}]",,,,,,,
2053,Sebastian Madejski,Cracovia,Bramkarz,19,1.8,10.56,7%,https://fantasy.ekstraklasa.org/player/2053,"[{'r': 1, 'pts': 7, 'p': True}, {'r': 2, 'pts': 1, 'p': True}, {'r': 3, 'pts': 5, 'p': True}, {'r': 4, 'pts': 4, 'p': True}, {'r': 5, 'pts': 2, 'p': True}]",,,,,,,
2805,Otto Hindrich,Legia Warszawa,Bramkarz,19,1.9,10.0,34%,https://fantasy.ekstraklasa.org/player/2805,"[{'r': 1, 'pts': 8, 'p': True}, {'r': 2, 'pts': 3, 'p': True}, {'r': 3, 'pts': 2, 'p': True}, {'r': 4, 'pts': 6, 'p': True}, {'r': 5, 'pts': 0, 'p': False}]",,,,,,,
1922,Dominik Piła,Cracovia,Obrońca,18,1.7,10.59,0%,https://fantasy.ekstraklasa.org/player/1922,"[{'r': 1, 'pts': 1, 'p': True}, {'r': 2, 'pts': 1, 'p': True}, {'r': 3, 'pts': 1, 'p': True}, {'r': 4, 'pts': 9, 'p': True}, {'r': 5, 'pts': 6, 'p': True}]",,,,,,,
2679,Paul Mukairu,Pogoń Szczecin,Pomocnik,18,2.1,8.57,14%,https://fantasy.ekstraklasa.org/player/2679,"[{'r': 1, 'pts': 2, 'p': True}, {'r': 2, 'pts': 13, 'p': True}, {'r': 3, 'pts': 3, 'p': True}, {'r': 5, 'pts': 0, 'p': False}]",,,,,,,
2821,Attila Szalai,Pogoń Szczecin,Obrońca,18,1.9,9.47,8%,https://fantasy.ekstraklasa.org/player/2821,"[{'r': 1, 'pts': 2, 'p': True}, {'r': 2, 'pts': 6, 'p': True}, {'r': 3, 'pts': 10, 'p': True}, {'r': 5, 'pts': 0, 'p': False}]",,,,,,,
1327,Kacper Urbański,Górnik Zabrze,Pomocnik,17,1.9,8.95,17%,https://fantasy.ekstraklasa.org/player/1327,"[{'r': 1, 'pts': 5, 'p': True}, {'r': 3, 'pts': 9, 'p': True}, {'r': 4, 'pts': 3, 'p': True}]",,,,,,,
1697,Otar Kakabadze,Cracovia,Obrońca,17,1.8,9.44,4%,https://fantasy.ekstraklasa.org/player/1697,"[{'r': 1, 'pts': 5, 'p': True}, {'r': 2, 'pts': 2, 'p': True}, {'r': 3, 'pts': 2, 'p': True}, {'r': 4, 'pts': 2, 'p': True}, {'r': 5, 'pts': 6, 'p': True}]",,,,,,,
1931,Steve Kapuadi,Widzew Łódź,Obrońca,17,1.9,8.95,9%,https://fantasy.ekstraklasa.org/player/1931,"[{'r': 1, 'pts': 0, 'p': False}, {'r': 2, 'pts': 5, 'p': True}, {'r': 3, 'pts': 5, 'p': True}, {'r': 4, 'pts': 7, 'p': True}, {'r': 5, 'pts': 0, 'p': False}]",,,,,,,
2002,Léo Borges,Pogoń Szczecin,Obrońca,17,1.7,10.0,7%,https://fantasy.ekstraklasa.org/player/2002,"[{'r': 1, 'pts': 1, 'p': True}, {'r': 2, 'pts': 13, 'p': True}, {'r': 3, 'pts': 3, 'p': True}, {'r': 5, 'pts': 0, 'p': False}]",,,,,,,
2629,Morgan Faßbender,Korona Kielce,Pomocnik,17,1.7,10.0,9%,https://fantasy.ekstraklasa.org/player/2629,"[{'r': 1, 'pts': 1, 'p': True}, {'r': 3, 'pts': 2, 'p': True}, {'r': 4, 'pts': 14, 'p': True}, {'r': 5, 'pts': 0, 'p': False}]",,,,,,,
2671,Karol Czubak,Motor Lublin,Napastnik,17,3.0,5.67,30%,https://fantasy.ekstraklasa.org/player/2671,"[{'r': 1, 'pts': 2, 'p': True}, {'r': 2, 'pts': 6, 'p': True}, {'r': 3, 'pts': 2, 'p': True}, {'r': 4, 'pts': 7, 'p': True}, {'r': 5, 'pts': 0, 'p': False}]",,,,,,,
2801,Bartłomiej Drągowski,Widzew Łódź,Bramkarz,17,1.8,9.44,21%,https://fantasy.ekstraklasa.org/player/2801,"[{'r': 1, 'pts': 2, 'p': True}, {'r': 2, 'pts': 5, 'p': True}, {'r': 3, 'pts': 8, 'p': True}, {'r': 4, 'pts': 2, 'p': True}, {'r': 5, 'pts': 0, 'p': False}]",,,,,,,
2940,Mario García,Widzew Łódź,Obrońca,17,1.9,8.95,10%,https://fantasy.ekstraklasa.org/player/2940,"[{'r': 1, 'pts': 0, 'p': False}, {'r': 2, 'pts': 1, 'p': True}, {'r': 3, 'pts': 15, 'p': True}, {'r': 4, 'pts': 1, 'p': True}, {'r': 5, 'pts': 0, 'p': False}]",,,,,,,
480,Bartosz Nowak,GKS Katowice,Pomocnik,16,3.3,4.85,34%,https://fantasy.ekstraklasa.org/player/480,"[{'r': 1, 'pts': 5, 'p': True}, {'r': 2, 'pts': 9, 'p': True}, {'r': 4, 'pts': 2, 'p': True}, {'r': 5, 'pts': 0, 'p': False}]",,,,,,,
2571,Gustaw Henriksson,Cracovia,Obrońca,16,1.7,9.41,2%,https://fantasy.ekstraklasa.org/player/2571,"[{'r': 1, 'pts': 5, 'p': True}, {'r': 2, 'pts': 2, 'p': True}, {'r': 3, 'pts': 4, 'p': True}, {'r': 4, 'pts': 3, 'p': True}, {'r': 5, 'pts': 2, 'p': True}]",,,,,,,
2745,Mateusz Klich,Cracovia,Pomocnik,16,1.8,8.89,1%,https://fantasy.ekstraklasa.org/player/2745,"[{'r': 1, 'pts': 2, 'p': True}, {'r': 2, 'pts': 2, 'p': True}, {'r': 3, 'pts': 2, 'p': True}, {'r': 4, 'pts': 6, 'p': True}, {'r': 5, 'pts': 4, 'p': True}]",,,,,,,
2902,Lucas Piazón,Wieczysta Kraków,Pomocnik,16,1.7,9.41,2%,https://fantasy.ekstraklasa.org/player/2902,"[{'r': 1, 'pts': 2, 'p': True}, {'r': 2, 'pts': 6, 'p': True}, {'r': 4, 'pts': 6, 'p': True}, {'r': 5, 'pts': 2, 'p': True}]",,,,,,,
2917,Allahyar Sayyadmanesh,Lech Poznań,Pomocnik,16,2.2,7.27,4%,https://fantasy.ekstraklasa.org/player/2917,"[{'r': 1, 'pts': 1, 'p': True}, {'r': 2, 'pts': 8, 'p': True}, {'r': 3, 'pts': 7, 'p': True}]",,,,,,,
2943,Peter González,Górnik Zabrze,Pomocnik,16,1.9,8.42,4%,https://fantasy.ekstraklasa.org/player/2943,"[{'r': 1, 'pts': 0, 'p': False}, {'r': 3, 'pts': 13, 'p': True}, {'r': 4, 'pts': 3, 'p': True}]",,,,,,,
239,Marcin Flis,Wisła Płock,Obrońca,15,1.7,8.82,6%,https://fantasy.ekstraklasa.org/player/239,"[{'r': 1, 'pts': 10, 'p': True}, {'r': 2, 'pts': 4, 'p': True}, {'r': 3, 'pts': 1, 'p': True}, {'r': 5, 'pts': 0, 'p': False}]",,,,,,,
1026,Mateusz Lis,Lech Poznań,Bramkarz,15,1.8,8.33,14%,https://fantasy.ekstraklasa.org/player/1026,"[{'r': 1, 'pts': 5, 'p': True}, {'r': 2, 'pts': 3, 'p': True}, {'r': 3, 'pts': 7, 'p': True}]",,,,,,,
1168,Patryk Makuch,Raków Częstochowa,Napastnik,15,1.9,7.89,10%,https://fantasy.ekstraklasa.org/player/1168,"[{'r': 1, 'pts': 7, 'p': True}, {'r': 2, 'pts': 2, 'p': True}, {'r': 4, 'pts': 6, 'p': True}]",,,,,,,
1529,Mariusz Fornalczyk,Widzew Łódź,Pomocnik,15,2.0,7.5,19%,https://fantasy.ekstraklasa.org/player/1529,"[{'r': 1, 'pts': 7, 'p': True}, {'r': 2, 'pts': 3, 'p': True}, {'r': 3, 'pts': 3, 'p': True}, {'r': 4, 'pts': 2, 'p': True}, {'r': 5, 'pts': 0, 'p': False}]",,,,,,,
1880,Ilja Szkurin,GKS Katowice,Napastnik,15,2.1,7.14,11%,https://fantasy.ekstraklasa.org/player/1880,"[{'r': 1, 'pts': 2, 'p': True}, {'r': 2, 'pts': 11, 'p': True}, {'r': 4, 'pts': 2, 'p': True}, {'r': 5, 'pts': 0, 'p': False}]",,,,,,,
2073,Linus Wahlqvist,Pogoń Szczecin,Obrońca,15,1.8,8.33,3%,https://fantasy.ekstraklasa.org/player/2073,"[{'r': 1, 'pts': 2, 'p': True}, {'r': 2, 'pts': 5, 'p': True}, {'r': 3, 'pts': 8, 'p': True}, {'r': 5, 'pts': 0, 'p': False}]",,,,,,,
2225,Fran Álvarez,Widzew Łódź,Pomocnik,15,2.0,7.5,11%,https://fantasy.ekstraklasa.org/player/2225,"[{'r': 1, 'pts': 2, 'p': True}, {'r': 2, 'pts': 2, 'p': True}, {'r': 3, 'pts': 9, 'p': True}, {'r': 4, 'pts': 2, 'p': True}, {'r': 5, 'pts': 0, 'p': False}]",,,,,,,
2286,Valentin Cojocaru,Pogoń Szczecin,Bramkarz,15,1.8,8.33,4%,https://fantasy.ekstraklasa.org/player/2286,"[{'r': 1, 'pts': 3, 'p': True}, {'r': 2, 'pts': 8, 'p': True}, {'r': 3, 'pts': 4, 'p': True}, {'r': 5, 'pts': 0, 'p': False}]",,,,,,,
2733,Luis Palma,Lech Poznań,Pomocnik,15,3.5,4.29,11%,https://fantasy.ekstraklasa.org/player/2733,"[{'r': 1, 'pts': 1, 'p': True}, {'r': 2, 'pts': 6, 'p': True}, {'r': 3, 'pts': 8, 'p': True}]",,,,,,,
2881,Ángel Rodado,Wisła Kraków,Napastnik,15,2.2,6.82,24%,https://fantasy.ekstraklasa.org/player/2881,"[{'r': 1, 'pts': 2, 'p': True}, {'r': 2, 'pts': 4, 'p': True}, {'r': 3, 'pts': 7, 'p': True}, {'r': 4, 'pts': 2, 'p': True}, {'r': 5, 'pts': 0, 'p': False}]",,,,,,,
184,Rafał Wolski,Radomiak Radom,Pomocnik,14,2.2,6.36,6%,https://fantasy.ekstraklasa.org/player/184,"[{'r': 1, 'pts': 4, 'p': True}, {'r': 2, 'pts': 1, 'p': True}, {'r': 3, 'pts': 7, 'p': True}, {'r': 4, 'pts': 2, 'p': True}, {'r': 5, 'pts': 0, 'p': False}]",,,,,,,
992,Przemysław Wiśniewski,Widzew Łódź,Obrońca,14,2.0,7.0,27%,https://fantasy.ekstraklasa.org/player/992,"[{'r': 1, 'pts': 1, 'p': True}, {'r': 2, 'pts': 6, 'p': True}, {'r': 3, 'pts': 6, 'p': True}, {'r': 4, 'pts': 1, 'p': True}, {'r': 5, 'pts': 0, 'p': False}]",,,,,,,
1909,Rafał Adamski,Legia Warszawa,Napastnik,14,2.0,7.0,9%,https://fantasy.ekstraklasa.org/player/1909,"[{'r': 1, 'pts': 0, 'p': False}, {'r': 2, 'pts': 6, 'p': True}, {'r': 3, 'pts': 1, 'p': True}, {'r': 4, 'pts': 7, 'p': True}, {'r': 5, 'pts': 0, 'p': False}]",,,,,,,
2000,Lisandro Semedo,Wieczysta Kraków,Pomocnik,14,1.8,7.78,2%,https://fantasy.ekstraklasa.org/player/2000,"[{'r': 1, 'pts': 2, 'p': True}, {'r': 2, 'pts': 2, 'p': True}, {'r': 4, 'pts': 3, 'p': True}, {'r': 5, 'pts': 7, 'p': True}]",,,,,,,
2367,Wojciech Mońka,Lech Poznań,Obrońca,14,2.1,6.67,15%,https://fantasy.ekstraklasa.org/player/2367,"[{'r': 1, 'pts': 5, 'p': True}, {'r': 2, 'pts': 3, 'p': True}, {'r': 3, 'pts': 6, 'p': True}]",,,,,,,
2406,Maksym Chłań,Górnik Zabrze,Pomocnik,14,2.5,5.6,16%,https://fantasy.ekstraklasa.org/player/2406,"[{'r': 1, 'pts': 3, 'p': True}, {'r': 3, 'pts': 3, 'p': True}, {'r': 4, 'pts': 8, 'p': True}]",,,,,,,
2747,Hugo Vallejo,Piast Gliwice,Pomocnik,14,1.8,7.78,2%,https://fantasy.ekstraklasa.org/player/2747,"[{'r': 1, 'pts': 1, 'p': True}, {'r': 2, 'pts': 9, 'p': True}, {'r': 3, 'pts': 2, 'p': True}, {'r': 4, 'pts': 2, 'p': True}, {'r': 5, 'pts': 0, 'p': False}]",,,,,,,
2892,Luka Marjanac,Śląsk Wrocław,Pomocnik,14,1.9,7.37,2%,https://fantasy.ekstraklasa.org/player/2892,"[{'r': 1, 'pts': 2, 'p': True}, {'r': 2, 'pts': 8, 'p': True}, {'r': 3, 'pts': 3, 'p': True}, {'r': 4, 'pts': 1, 'p': True}, {'r': 5, 'pts': 0, 'p': False}]",,,,,,,
774,Sebastian Bergier,Widzew Łódź,Napastnik,13,2.4,5.42,18%,https://fantasy.ekstraklasa.org/player/774,"[{'r': 1, 'pts': 3, 'p': True}, {'r': 2, 'pts': 2, 'p': True}, {'r': 3, 'pts': 7, 'p': True}, {'r': 4, 'pts': 1, 'p': True}, {'r': 5, 'pts': 0, 'p': False}]",,,,,,,
827,Mateusz Grzybek,Zagłębie Lubin,Obrońca,13,1.9,6.84,4%,https://fantasy.ekstraklasa.org/player/827,"[{'r': 1, 'pts': 10, 'p': True}, {'r': 2, 'pts': 0, 'p': False}, {'r': 4, 'pts': 3, 'p': True}, {'r': 5, 'pts': 0, 'p': False}]",,,,,,,
1673,Przemysław Banaszak,Śląsk Wrocław,Napastnik,13,2.0,6.5,5%,https://fantasy.ekstraklasa.org/player/1673,"[{'r': 1, 'pts': 6, 'p': True}, {'r': 2, 'pts': 3, 'p': True}, {'r': 3, 'pts': 2, 'p': True}, {'r': 4, 'pts': 2, 'p': True}, {'r': 5, 'pts': 0, 'p': False}]",,,,,,,
1725,Mahir Emreli,Raków Częstochowa,Napastnik,13,2.3,5.65,6%,https://fantasy.ekstraklasa.org/player/1725,"[{'r': 1, 'pts': 2, 'p': True}, {'r': 2, 'pts': 6, 'p': True}, {'r': 4, 'pts': 5, 'p': True}]",,,,,,,
2123,Michał Gurgul,Lech Poznań,Obrońca,13,2.3,5.65,10%,https://fantasy.ekstraklasa.org/player/2123,"[{'r': 1, 'pts': 5, 'p': True}, {'r': 2, 'pts': 2, 'p': True}, {'r': 3, 'pts': 6, 'p': True}]",,,,,,,
2391,Miki Villar,Wieczysta Kraków,Pomocnik,13,1.7,7.65,1%,https://fantasy.ekstraklasa.org/player/2391,"[{'r': 1, 'pts': 4, 'p': True}, {'r': 2, 'pts': 1, 'p': True}, {'r': 4, 'pts': 7, 'p': True}, {'r': 5, 'pts': 1, 'p': True}]",,,,,,,
2477,Marcel Reguła,Zagłębie Lubin,Pomocnik,13,2.1,6.19,15%,https://fantasy.ekstraklasa.org/player/2477,"[{'r': 1, 'pts': 9, 'p': True}, {'r': 2, 'pts': 2, 'p': True}, {'r': 4, 'pts': 2, 'p': True}, {'r': 5, 'pts': 0, 'p': False}]",,,,,,,
2717,Pablo Rodríguez,Lech Poznań,Pomocnik,13,2.0,6.5,3%,https://fantasy.ekstraklasa.org/player/2717,"[{'r': 1, 'pts': 3, 'p': True}, {'r': 2, 'pts': 5, 'p': True}, {'r': 3, 'pts': 5, 'p': True}]",,,,,,,
2926,Samuel Ntamack,Piast Gliwice,Napastnik,13,2.0,6.5,1%,https://fantasy.ekstraklasa.org/player/2926,"[{'r': 1, 'pts': 2, 'p': True}, {'r': 2, 'pts': 7, 'p': True}, {'r': 3, 'pts': 2, 'p': True}, {'r': 4, 'pts': 2, 'p': True}, {'r': 5, 'pts': 0, 'p': False}]",,,,,,,
2939,Nik Prelec,Jagiellonia Białystok,Napastnik,13,2.0,6.5,8%,https://fantasy.ekstraklasa.org/player/2939,"[{'r': 1, 'pts': 6, 'p': True}, {'r': 2, 'pts': 7, 'p': True}, {'r': 3, 'pts': 0, 'p': True}]",,,,,,,
23,Karol Niemczycki,Śląsk Wrocław,Bramkarz,12,1.8,6.67,1%,https://fantasy.ekstraklasa.org/player/23,"[{'r': 1, 'pts': 0, 'p': False}, {'r': 2, 'pts': 3, 'p': True}, {'r': 3, 'pts': 7, 'p': True}, {'r': 4, 'pts': 2, 'p': True}, {'r': 5, 'pts': 0, 'p': False}]",,,,,,,
860,Wiktor Długosz,Korona Kielce,Pomocnik,12,1.8,6.67,2%,https://fantasy.ekstraklasa.org/player/860,"[{'r': 1, 'pts': 2, 'p': True}, {'r': 3, 'pts': 5, 'p': True}, {'r': 4, 'pts': 5, 'p': True}, {'r': 5, 'pts': 0, 'p': False}]",,,,,,,
1225,Jan Grzesik,Radomiak Radom,Obrońca,12,1.9,6.32,30%,https://fantasy.ekstraklasa.org/player/1225,"[{'r': 1, 'pts': 14, 'p': True}, {'r': 2, 'pts': 0, 'p': True}, {'r': 3, 'pts': 0, 'p': True}, {'r': 4, 'pts': -2, 'p': True}, {'r': 5, 'pts': 0, 'p': False}]",,,,,,,
1411,Rafał Leszczyński,Wisła Płock,Bramkarz,12,1.8,6.67,4%,https://fantasy.ekstraklasa.org/player/1411,"[{'r': 1, 'pts': 4, 'p': True}, {'r': 2, 'pts': 7, 'p': True}, {'r': 3, 'pts': 1, 'p': True}, {'r': 5, 'pts': 0, 'p': False}]",,,,,,,
1464,Kajetan Szmyt,Jagiellonia Białystok,Pomocnik,12,2.1,5.71,8%,https://fantasy.ekstraklasa.org/player/1464,"[{'r': 1, 'pts': 4, 'p': True}, {'r': 2, 'pts': 6, 'p': True}, {'r': 3, 'pts': 2, 'p': True}]",,,,,,,
1935,Juljan Shehu,Widzew Łódź,Pomocnik,12,2.0,6.0,2%,https://fantasy.ekstraklasa.org/player/1935,"[{'r': 1, 'pts': 1, 'p': True}, {'r': 2, 'pts': 2, 'p': True}, {'r': 3, 'pts': 4, 'p': True}, {'r': 4, 'pts': 5, 'p': True}, {'r': 5, 'pts': 0, 'p': False}]",,,,,,,
2163,Marcel Pięczek,Korona Kielce,Obrońca,12,1.8,6.67,3%,https://fantasy.ekstraklasa.org/player/2163,"[{'r': 1, 'pts': 2, 'p': True}, {'r': 3, 'pts': 2, 'p': True}, {'r': 4, 'pts': 8, 'p': True}, {'r': 5, 'pts': 0, 'p': False}]",,,,,,,
2444,Marcel Krajewski,Widzew Łódź,Obrońca,12,1.8,6.67,1%,https://fantasy.ekstraklasa.org/player/2444,"[{'r': 1, 'pts': 0, 'p': True}, {'r': 2, 'pts': 5, 'p': True}, {'r': 3, 'pts': 6, 'p': True}, {'r': 4, 'pts': 1, 'p': True}, {'r': 5, 'pts': 0, 'p': False}]",,,,,,,
2490,Darko Čurlinov,Pogoń Szczecin,Pomocnik,12,2.0,6.0,3%,https://fantasy.ekstraklasa.org/player/2490,"[{'r': 1, 'pts': 0, 'p': False}, {'r': 2, 'pts': 4, 'p': True}, {'r': 3, 'pts': 8, 'p': True}, {'r': 5, 'pts': 0, 'p': False}]",,,,,,,
2742,Kahveh Zahiroleslam,Cracovia,Napastnik,12,1.7,7.06,1%,https://fantasy.ekstraklasa.org/player/2742,"[{'r': 1, 'pts': 2, 'p': True}, {'r': 2, 'pts': 2, 'p': True}, {'r': 3, 'pts': 2, 'p': True}, {'r': 4, 'pts': 3, 'p': True}, {'r': 5, 'pts': 3, 'p': True}]",,,,,,,
166,Rafał Janicki,Górnik Zabrze,Obrońca,11,2.0,5.5,7%,https://fantasy.ekstraklasa.org/player/166,"[{'r': 1, 'pts': 3, 'p': True}, {'r': 3, 'pts': 3, 'p': True}, {'r': 4, 'pts': 5, 'p': True}]",,,,,,,
303,Mariusz Stępiński,Korona Kielce,Napastnik,11,2.2,5.0,8%,https://fantasy.ekstraklasa.org/player/303,"[{'r': 1, 'pts': 2, 'p': True}, {'r': 3, 'pts': 6, 'p': True}, {'r': 4, 'pts': 3, 'p': True}, {'r': 5, 'pts': 0, 'p': False}]",,,,,,,
374,Alan Uryga,Wisła Kraków,Obrońca,11,1.6,6.88,4%,https://fantasy.ekstraklasa.org/player/374,"[{'r': 1, 'pts': 5, 'p': True}, {'r': 2, 'pts': -1, 'p': True}, {'r': 3, 'pts': 7, 'p': True}, {'r': 4, 'pts': 0, 'p': True}, {'r': 5, 'pts': 0, 'p': False}]",,,,,,,
1285,Lucas Luquinhas,Radomiak Radom,Pomocnik,11,2.0,5.5,5%,https://fantasy.ekstraklasa.org/player/1285,"[{'r': 1, 'pts': 6, 'p': True}, {'r': 2, 'pts': 1, 'p': True}, {'r': 3, 'pts': 2, 'p': True}, {'r': 4, 'pts': 2, 'p': True}, {'r': 5, 'pts': 0, 'p': False}]",,,,,,,
1455,Aleks Ławniczak,Zagłębie Lubin,Obrońca,11,1.7,6.47,1%,https://fantasy.ekstraklasa.org/player/1455,"[{'r': 1, 'pts': 6, 'p': True}, {'r': 2, 'pts': 2, 'p': True}, {'r': 4, 'pts': 3, 'p': True}, {'r': 5, 'pts': 0, 'p': False}]",,,,,,,
1795,Sławomir Abramowicz,Jagiellonia Białystok,Bramkarz,11,2.0,5.5,12%,https://fantasy.ekstraklasa.org/player/1795,"[{'r': 1, 'pts': 6, 'p': True}, {'r': 2, 'pts': 4, 'p': True}, {'r': 3, 'pts': 1, 'p': True}]",,,,,,,
2010,Saïd Hamulic,Wisła Płock,Napastnik,11,1.8,6.11,2%,https://fantasy.ekstraklasa.org/player/2010,"[{'r': 1, 'pts': 3, 'p': True}, {'r': 2, 'pts': 2, 'p': True}, {'r': 3, 'pts': 6, 'p': True}, {'r': 5, 'pts': 0, 'p': False}]",,,,,,,
2659,Marcel Łubik,Wisła Kraków,Bramkarz,11,1.8,6.11,10%,https://fantasy.ekstraklasa.org/player/2659,"[{'r': 1, 'pts': 4, 'p': True}, {'r': 2, 'pts': 0, 'p': True}, {'r': 3, 'pts': 5, 'p': True}, {'r': 4, 'pts': 2, 'p': True}, {'r': 5, 'pts': 0, 'p': False}]",,,,,,,
2662,Yūki Kobayashi,Jagiellonia Białystok,Obrońca,11,1.7,6.47,3%,https://fantasy.ekstraklasa.org/player/2662,"[{'r': 1, 'pts': 6, 'p': True}, {'r': 2, 'pts': 3, 'p': True}, {'r': 3, 'pts': 2, 'p': True}]",,,,,,,
2767,Yannick Agnero,Lech Poznań,Napastnik,11,1.8,6.11,3%,https://fantasy.ekstraklasa.org/player/2767,"[{'r': 1, 'pts': 1, 'p': True}, {'r': 2, 'pts': 7, 'p': True}, {'r': 3, 'pts': 3, 'p': True}]",,,,,,,
2894,Malaly Dembélé,Śląsk Wrocław,Napastnik,11,1.9,5.79,1%,https://fantasy.ekstraklasa.org/player/2894,"[{'r': 1, 'pts': 1, 'p': True}, {'r': 2, 'pts': 4, 'p': True}, {'r': 3, 'pts': 1, 'p': True}, {'r': 4, 'pts': 5, 'p': True}, {'r': 5, 'pts': 0, 'p': False}]",,,,,,,
1494,Kacper Duda,Wisła Kraków,Pomocnik,10,1.6,6.25,4%,https://fantasy.ekstraklasa.org/player/1494,"[{'r': 1, 'pts': 4, 'p': True}, {'r': 2, 'pts': 2, 'p': True}, {'r': 3, 'pts': 3, 'p': True}, {'r': 4, 'pts': 1, 'p': True}, {'r': 5, 'pts': 0, 'p': False}]",,,,,,,
1540,Norbert Wojtuszek,Jagiellonia Białystok,Obrońca,10,1.9,5.26,16%,https://fantasy.ekstraklasa.org/player/1540,"[{'r': 1, 'pts': 6, 'p': True}, {'r': 2, 'pts': 3, 'p': True}, {'r': 3, 'pts': 1, 'p': True}]",,,,,,,
2498,Patrik Wålemark,Lech Poznań,Pomocnik,10,2.3,4.35,14%,https://fantasy.ekstraklasa.org/player/2498,"[{'r': 1, 'pts': 3, 'p': True}, {'r': 2, 'pts': 3, 'p': True}, {'r': 3, 'pts': 4, 'p': True}]",,,,,,,
2841,Yvan Ikia Dimi,Górnik Zabrze,Pomocnik,10,1.7,5.88,2%,https://fantasy.ekstraklasa.org/player/2841,"[{'r': 1, 'pts': 8, 'p': True}, {'r': 3, 'pts': 2, 'p': True}, {'r': 4, 'pts': 0, 'p': False}]",,,,,,,
2845,Thomas Santos,Motor Lublin,Obrońca,10,1.7,5.88,1%,https://fantasy.ekstraklasa.org/player/2845,"[{'r': 1, 'pts': 1, 'p': True}, {'r': 2, 'pts': 2, 'p': True}, {'r': 3, 'pts': 1, 'p': True}, {'r': 4, 'pts': 6, 'p': True}, {'r': 5, 'pts': 0, 'p': False}]",,,,,,,
2878,Frederico Duarte,Wisła Kraków,Pomocnik,10,2.0,5.0,11%,https://fantasy.ekstraklasa.org/player/2878,"[{'r': 1, 'pts': 3, 'p': True}, {'r': 2, 'pts': 2, 'p': True}, {'r': 3, 'pts': 3, 'p': True}, {'r': 4, 'pts': 2, 'p': True}, {'r': 5, 'pts': 0, 'p': False}]",,,,,,,
2921,Mihai Popa,Motor Lublin,Bramkarz,10,1.7,5.88,1%,https://fantasy.ekstraklasa.org/player/2921,"[{'r': 1, 'pts': 1, 'p': True}, {'r': 2, 'pts': 1, 'p': True}, {'r': 3, 'pts': 1, 'p': True}, {'r': 4, 'pts': 7, 'p': True}, {'r': 5, 'pts': 0, 'p': False}]",,,,,,,
2924,Domen Gril,Piast Gliwice,Bramkarz,10,1.7,5.88,1%,https://fantasy.ekstraklasa.org/player/2924,"[{'r': 1, 'pts': 1, 'p': True}, {'r': 2, 'pts': 8, 'p': True}, {'r': 3, 'pts': 1, 'p': True}, {'r': 4, 'pts': 0, 'p': True}, {'r': 5, 'pts': 0, 'p': False}]",,,,,,,
138,Robert Gumny,Lech Poznań,Obrońca,9,1.8,5.0,3%,https://fantasy.ekstraklasa.org/player/138,"[{'r': 1, 'pts': 5, 'p': True}, {'r': 2, 'pts': 2, 'p': True}, {'r': 3, 'pts': 2, 'p': True}]",,,,,,,
587,Patryk Dziczek,Pogoń Szczecin,Pomocnik,9,1.9,4.74,4%,https://fantasy.ekstraklasa.org/player/587,"[{'r': 1, 'pts': 2, 'p': True}, {'r': 2, 'pts': 4, 'p': True}, {'r': 3, 'pts': 3, 'p': True}, {'r': 5, 'pts': 0, 'p': False}]",,,,,,,
681,Michał Nalepa,Zagłębie Lubin,Obrońca,9,1.7,5.29,2%,https://fantasy.ekstraklasa.org/player/681,"[{'r': 1, 'pts': 6, 'p': True}, {'r': 2, 'pts': 0, 'p': True}, {'r': 4, 'pts': 3, 'p': True}, {'r': 5, 'pts': 0, 'p': False}]",,,,,,,
724,Zlatan Alomerović,Zagłębie Lubin,Bramkarz,9,1.8,5.0,1%,https://fantasy.ekstraklasa.org/player/724,"[{'r': 1, 'pts': 6, 'p': True}, {'r': 2, 'pts': 0, 'p': False}, {'r': 4, 'pts': 3, 'p': True}, {'r': 5, 'pts': 0, 'p': False}]",,,,,,,
765,Jesús Imaz,Jagiellonia Białystok,Pomocnik,9,3.5,2.57,12%,https://fantasy.ekstraklasa.org/player/765,"[{'r': 1, 'pts': 4, 'p': True}, {'r': 2, 'pts': 3, 'p': True}, {'r': 3, 'pts': 2, 'p': True}]",,,,,,,
1400,Xavier Dziekoński,Korona Kielce,Bramkarz,9,2.0,4.5,5%,https://fantasy.ekstraklasa.org/player/1400,"[{'r': 1, 'pts': 3, 'p': True}, {'r': 3, 'pts': 2, 'p': True}, {'r': 4, 'pts': 4, 'p': True}, {'r': 5, 'pts': 0, 'p': False}]",,,,,,,
1490,Kacper Trelowski,Raków Częstochowa,Bramkarz,9,1.9,4.74,5%,https://fantasy.ekstraklasa.org/player/1490,"[{'r': 1, 'pts': 0, 'p': False}, {'r': 2, 'pts': 2, 'p': True}, {'r': 4, 'pts': 7, 'p': True}]",,,,,,,
1712,Joel Pereira,Lech Poznań,Obrońca,9,2.1,4.29,6%,https://fantasy.ekstraklasa.org/player/1712,"[{'r': 1, 'pts': 1, 'p': True}, {'r': 2, 'pts': 2, 'p': True}, {'r': 3, 'pts': 6, 'p': True}]",,,,,,,
2480,Daniel Håkans,Lech Poznań,Pomocnik,9,1.8,5.0,0%,https://fantasy.ekstraklasa.org/player/2480,"[{'r': 1, 'pts': 0, 'p': False}, {'r': 2, 'pts': 2, 'p': True}, {'r': 3, 'pts': 7, 'p': True}]",,,,,,,
2538,Marc Llinares,Śląsk Wrocław,Obrońca,9,1.7,5.29,1%,https://fantasy.ekstraklasa.org/player/2538,"[{'r': 1, 'pts': 1, 'p': True}, {'r': 2, 'pts': 3, 'p': True}, {'r': 3, 'pts': 5, 'p': True}, {'r': 4, 'pts': 0, 'p': True}, {'r': 5, 'pts': 0, 'p': False}]",,,,,,,
2637,Marcin Kamiński,Wisła Płock,Obrońca,9,1.9,4.74,3%,https://fantasy.ekstraklasa.org/player/2637,"[{'r': 1, 'pts': 3, 'p': True}, {'r': 2, 'pts': 5, 'p': True}, {'r': 3, 'pts': 1, 'p': True}, {'r': 5, 'pts': 0, 'p': False}]",,,,,,,
2661,Bernardo Vital,Jagiellonia Białystok,Obrońca,9,1.9,4.74,2%,https://fantasy.ekstraklasa.org/player/2661,"[{'r': 1, 'pts': 6, 'p': True}, {'r': 2, 'pts': 2, 'p': True}, {'r': 3, 'pts': 1, 'p': True}]",,,,,,,
2826,Levente Szabó,Zagłębie Lubin,Napastnik,9,1.8,5.0,1%,https://fantasy.ekstraklasa.org/player/2826,"[{'r': 1, 'pts': 2, 'p': True}, {'r': 2, 'pts': 2, 'p': True}, {'r': 4, 'pts': 5, 'p': True}, {'r': 5, 'pts': 0, 'p': False}]",,,,,,,
951,Arkadiusz Jędrych,GKS Katowice,Obrońca,8,2.3,3.48,12%,https://fantasy.ekstraklasa.org/player/951,"[{'r': 1, 'pts': 1, 'p': True}, {'r': 2, 'pts': 5, 'p': True}, {'r': 4, 'pts': 2, 'p': True}, {'r': 5, 'pts': 0, 'p': False}]",,,,,,,
1280,Damian Michalski,Zagłębie Lubin,Obrońca,8,1.8,4.44,1%,https://fantasy.ekstraklasa.org/player/1280,"[{'r': 1, 'pts': 6, 'p': True}, {'r': 2, 'pts': 0, 'p': True}, {'r': 4, 'pts': 2, 'p': True}, {'r': 5, 'pts': 0, 'p': False}]",,,,,,,
1653,Adam Radwański,Wisła Płock,Pomocnik,8,1.8,4.44,1%,https://fantasy.ekstraklasa.org/player/1653,"[{'r': 1, 'pts': 3, 'p': True}, {'r': 2, 'pts': 3, 'p': True}, {'r': 3, 'pts': 2, 'p': True}, {'r': 5, 'pts': 0, 'p': False}]",,,,,,,
1926,Roberto Alves,Radomiak Radom,Pomocnik,8,1.8,4.44,1%,https://fantasy.ekstraklasa.org/player/1926,"[{'r': 1, 'pts': 8, 'p': True}, {'r': 2, 'pts': 0, 'p': False}, {'r': 3, 'pts': 0, 'p': False}, {'r': 4, 'pts': 0, 'p': False}, {'r': 5, 'pts': 0, 'p': False}]",,,,,,,
2281,Sebastian Kerk,Zagłębie Lubin,Pomocnik,8,2.1,3.81,3%,https://fantasy.ekstraklasa.org/player/2281,"[{'r': 1, 'pts': 3, 'p': True}, {'r': 2, 'pts': 2, 'p': True}, {'r': 4, 'pts': 3, 'p': True}, {'r': 5, 'pts': 0, 'p': False}]",,,,,,,
2699,Ivo Rodrigues,Motor Lublin,Pomocnik,8,1.8,4.44,1%,https://fantasy.ekstraklasa.org/player/2699,"[{'r': 1, 'pts': 8, 'p': True}, {'r': 2, 'pts': 0, 'p': False}, {'r': 3, 'pts': 0, 'p': False}, {'r': 4, 'pts': 0, 'p': False}, {'r': 5, 'pts': 0, 'p': False}]",,,,,,,
2815,Guilherme Montóia,Jagiellonia Białystok,Obrońca,8,1.8,4.44,1%,https://fantasy.ekstraklasa.org/player/2815,"[{'r': 1, 'pts': 6, 'p': True}, {'r': 2, 'pts': 2, 'p': True}, {'r': 3, 'pts': 0, 'p': True}]",,,,,,,
2848,Ondřej Zmrzlý,Górnik Zabrze,Obrońca,8,1.8,4.44,1%,https://fantasy.ekstraklasa.org/player/2848,"[{'r': 1, 'pts': 2, 'p': True}, {'r': 3, 'pts': 3, 'p': True}, {'r': 4, 'pts': 3, 'p': True}]",,,,,,,
2879,Maciej Kuziemka,Wisła Kraków,Pomocnik,8,1.7,4.71,4%,https://fantasy.ekstraklasa.org/player/2879,"[{'r': 1, 'pts': 3, 'p': True}, {'r': 2, 'pts': 2, 'p': True}, {'r': 3, 'pts': 2, 'p': True}, {'r': 4, 'pts': 1, 'p': True}, {'r': 5, 'pts': 0, 'p': False}]",,,,,,,
2895,Philipp Schulze,Górnik Zabrze,Bramkarz,8,1.7,4.71,4%,https://fantasy.ekstraklasa.org/player/2895,"[{'r': 1, 'pts': 3, 'p': True}, {'r': 3, 'pts': 1, 'p': True}, {'r': 4, 'pts': 4, 'p': True}]",,,,,,,
95,Karol Świderski,Widzew Łódź,Napastnik,7,2.4,2.92,23%,https://fantasy.ekstraklasa.org/player/95,"[{'r': 1, 'pts': 1, 'p': True}, {'r': 2, 'pts': 1, 'p': True}, {'r': 3, 'pts': 3, 'p': True}, {'r': 4, 'pts': 2, 'p': True}, {'r': 5, 'pts': 0, 'p': False}]",,,,,,,
195,Bartosz Bereszyński,Motor Lublin,Obrońca,7,1.8,3.89,7%,https://fantasy.ekstraklasa.org/player/195,"[{'r': 1, 'pts': 1, 'p': True}, {'r': 2, 'pts': 1, 'p': True}, {'r': 3, 'pts': 0, 'p': True}, {'r': 4, 'pts': 5, 'p': True}, {'r': 5, 'pts': 0, 'p': False}]",,,,,,,
1299,Jean Carlos Silva,Raków Częstochowa,Obrońca,7,2.2,3.18,11%,https://fantasy.ekstraklasa.org/player/1299,"[{'r': 1, 'pts': 3, 'p': True}, {'r': 2, 'pts': 5, 'p': True}, {'r': 4, 'pts': -1, 'p': True}]",,,,,,,
2386,Patrik Hellebrand,Korona Kielce,Pomocnik,7,2.1,3.33,7%,https://fantasy.ekstraklasa.org/player/2386,"[{'r': 1, 'pts': 1, 'p': True}, {'r': 3, 'pts': 3, 'p': True}, {'r': 4, 'pts': 3, 'p': True}, {'r': 5, 'pts': 0, 'p': False}]",,,,,,,
2417,Filip Luberecki,Motor Lublin,Obrońca,7,1.7,4.12,2%,https://fantasy.ekstraklasa.org/player/2417,"[{'r': 1, 'pts': 0, 'p': True}, {'r': 2, 'pts': 1, 'p': True}, {'r': 3, 'pts': 0, 'p': True}, {'r': 4, 'pts': 6, 'p': True}, {'r': 5, 'pts': 0, 'p': False}]",,,,,,,
2491,Maciej Wojciechowski,Pogoń Szczecin,Pomocnik,7,0.8,8.75,1%,https://fantasy.ekstraklasa.org/player/2491,"[{'r': 1, 'pts': 0, 'p': False}, {'r': 2, 'pts': 4, 'p': True}, {'r': 3, 'pts': 3, 'p': True}, {'r': 5, 'pts': 0, 'p': False}]",,,,,,,
2877,Julius Ertlthaler,Wisła Kraków,Pomocnik,7,1.8,3.89,2%,https://fantasy.ekstraklasa.org/player/2877,"[{'r': 1, 'pts': 2, 'p': True}, {'r': 2, 'pts': 1, 'p': True}, {'r': 3, 'pts': 3, 'p': True}, {'r': 4, 'pts': 1, 'p': True}, {'r': 5, 'pts': 0, 'p': False}]",,,,,,,
2912,Erik Prekop,Górnik Zabrze,Napastnik,7,1.9,3.68,2%,https://fantasy.ekstraklasa.org/player/2912,"[{'r': 1, 'pts': 3, 'p': True}, {'r': 3, 'pts': 2, 'p': True}, {'r': 4, 'pts': 2, 'p': True}]",,,,,,,
1386,Ariel Mosór,Korona Kielce,Obrońca,6,1.8,3.33,5%,https://fantasy.ekstraklasa.org/player/1386,"[{'r': 1, 'pts': 2, 'p': True}, {'r': 3, 'pts': 2, 'p': True}, {'r': 4, 'pts': 2, 'p': True}, {'r': 5, 'pts': 0, 'p': False}]",,,,,,,
2104,Michal Sáček,Górnik Zabrze,Obrońca,6,1.8,3.33,1%,https://fantasy.ekstraklasa.org/player/2104,"[{'r': 1, 'pts': 0, 'p': False}, {'r': 3, 'pts': 3, 'p': True}, {'r': 4, 'pts': 3, 'p': True}]",,,,,,,
2306,Tobiasz Mras,Wieczysta Kraków,Pomocnik,6,0.7,8.57,4%,https://fantasy.ekstraklasa.org/player/2306,"[{'r': 1, 'pts': 1, 'p': True}, {'r': 2, 'pts': 0, 'p': False}, {'r': 4, 'pts': 3, 'p': True}, {'r': 5, 'pts': 2, 'p': True}]",,,,,,,
2353,Mikkel Maigaard,Wieczysta Kraków,Pomocnik,6,1.9,3.16,2%,https://fantasy.ekstraklasa.org/player/2353,"[{'r': 1, 'pts': -1, 'p': True}, {'r': 2, 'pts': 2, 'p': True}, {'r': 4, 'pts': 3, 'p': True}, {'r': 5, 'pts': 2, 'p': True}]",,,,,,,
2865,Maxence Maisonneuve,Wisła Kraków,Obrońca,6,1.7,3.53,1%,https://fantasy.ekstraklasa.org/player/2865,"[{'r': 1, 'pts': 2, 'p': True}, {'r': 2, 'pts': 1, 'p': True}, {'r': 3, 'pts': 3, 'p': True}, {'r': 4, 'pts': 0, 'p': True}, {'r': 5, 'pts': 0, 'p': False}]",,,,,,,
2869,Jakub Krzyżanowski,Wisła Kraków,Obrońca,6,1.6,3.75,5%,https://fantasy.ekstraklasa.org/player/2869,"[{'r': 1, 'pts': 3, 'p': True}, {'r': 2, 'pts': -1, 'p': True}, {'r': 3, 'pts': 3, 'p': True}, {'r': 4, 'pts': 1, 'p': True}, {'r': 5, 'pts': 0, 'p': False}]",,,,,,,
2906,Stefan Feiertag,Wieczysta Kraków,Napastnik,6,1.9,3.16,4%,https://fantasy.ekstraklasa.org/player/2906,"[{'r': 1, 'pts': 6, 'p': True}, {'r': 2, 'pts': 0, 'p': False}, {'r': 4, 'pts': 0, 'p': False}, {'r': 5, 'pts': 0, 'p': False}]",Kontuzjowany,,,,,,
1192,Erik Janža,Górnik Zabrze,Obrońca,5,2.2,2.27,9%,https://fantasy.ekstraklasa.org/player/1192,"[{'r': 1, 'pts': 3, 'p': True}, {'r': 3, 'pts': 0, 'p': False}, {'r': 4, 'pts': 2, 'p': True}]",,,,,,,
1214,Filip Szymczak,Zagłębie Lubin,Napastnik,5,1.8,2.78,2%,https://fantasy.ekstraklasa.org/player/1214,"[{'r': 1, 'pts': 1, 'p': True}, {'r': 2, 'pts': 1, 'p': True}, {'r': 4, 'pts': 3, 'p': True}, {'r': 5, 'pts': 0, 'p': False}]",,,,,,,
2016,Jakub Lewicki,Piast Gliwice,Obrońca,5,1.7,2.94,1%,https://fantasy.ekstraklasa.org/player/2016,"[{'r': 1, 'pts': 1, 'p': True}, {'r': 2, 'pts': 5, 'p': True}, {'r': 3, 'pts': 0, 'p': True}, {'r': 4, 'pts': -1, 'p': True}, {'r': 5, 'pts': 0, 'p': False}]",,,,,,,
2557,Abdoul Tapsoba,Radomiak Radom,Napastnik,5,1.7,2.94,2%,https://fantasy.ekstraklasa.org/player/2557,"[{'r': 1, 'pts': 2, 'p': True}, {'r': 2, 'pts': -1, 'p': True}, {'r': 3, 'pts': 2, 'p': True}, {'r': 4, 'pts': 2, 'p': True}, {'r': 5, 'pts': 0, 'p': False}]",,,,,,,
2800,Christopher Cheng,Widzew Łódź,Obrońca,5,1.8,2.78,1%,https://fantasy.ekstraklasa.org/player/2800,"[{'r': 1, 'pts': 0, 'p': True}, {'r': 2, 'pts': 5, 'p': True}, {'r': 3, 'pts': 0, 'p': False}, {'r': 4, 'pts': 0, 'p': False}, {'r': 5, 'pts': 0, 'p': False}]",,,,,,,
2918,Terry Yegbe,Lech Poznań,Obrońca,5,2.1,2.38,11%,https://fantasy.ekstraklasa.org/player/2918,"[{'r': 1, 'pts': 5, 'p': True}, {'r': 2, 'pts': 0, 'p': False}, {'r': 3, 'pts': 0, 'p': False}]",,,,,,,
2928,Fernand Gouré,Radomiak Radom,Napastnik,5,1.7,2.94,0%,https://fantasy.ekstraklasa.org/player/2928,"[{'r': 1, 'pts': 2, 'p': True}, {'r': 2, 'pts': 0, 'p': True}, {'r': 3, 'pts': 2, 'p': True}, {'r': 4, 'pts': 1, 'p': True}, {'r': 5, 'pts': 0, 'p': False}]",,,,,,,
2945,Rodrigo Conceicao,Jagiellonia Białystok,Obrońca,5,1.9,2.63,2%,https://fantasy.ekstraklasa.org/player/2945,"[{'r': 1, 'pts': 2, 'p': True}, {'r': 2, 'pts': 3, 'p': True}, {'r': 3, 'pts': 0, 'p': True}]",,,,,,,
1675,Filip Majchrowicz,Radomiak Radom,Bramkarz,4,1.8,2.22,1%,https://fantasy.ekstraklasa.org/player/1675,"[{'r': 1, 'pts': 3, 'p': True}, {'r': 2, 'pts': 1, 'p': True}, {'r': 3, 'pts': 0, 'p': True}, {'r': 4, 'pts': 0, 'p': False}, {'r': 5, 'pts': 0, 'p': False}]",,,,,,,
2046,Dawid Drachal,Jagiellonia Białystok,Pomocnik,4,1.7,2.35,1%,https://fantasy.ekstraklasa.org/player/2046,"[{'r': 1, 'pts': 4, 'p': True}, {'r': 2, 'pts': 0, 'p': False}, {'r': 3, 'pts': 0, 'p': False}]",,,,,,,
2295,Daniel Bąk,Korona Kielce,Napastnik,4,0.7,5.71,3%,https://fantasy.ekstraklasa.org/player/2295,"[{'r': 1, 'pts': 1, 'p': True}, {'r': 3, 'pts': 1, 'p': True}, {'r': 4, 'pts': 2, 'p': True}, {'r': 5, 'pts': 0, 'p': False}]",,,,,,,
2384,Borja Galán,GKS Katowice,Obrońca,3,1.8,1.67,1%,https://fantasy.ekstraklasa.org/player/2384,"[{'r': 1, 'pts': 1, 'p': True}, {'r': 2, 'pts': 1, 'p': True}, {'r': 4, 'pts': 1, 'p': True}, {'r': 5, 'pts': 0, 'p': False}]",,,,,,,
2473,Michalis Kosidis,Zagłębie Lubin,Napastnik,3,1.8,1.67,1%,https://fantasy.ekstraklasa.org/player/2473,"[{'r': 1, 'pts': 3, 'p': True}, {'r': 2, 'pts': 0, 'p': False}, {'r': 4, 'pts': 0, 'p': False}, {'r': 5, 'pts': 0, 'p': False}]",,,,,,,
1853,Bogdan Racovițan,Raków Częstochowa,Obrońca,2,1.9,1.05,2%,https://fantasy.ekstraklasa.org/player/1853,"[{'r': 1, 'pts': 1, 'p': True}, {'r': 2, 'pts': 0, 'p': True}, {'r': 4, 'pts': 1, 'p': True}]",,,,,,,
1928,Stratos Svarnas,Raków Częstochowa,Obrońca,2,2.1,0.95,2%,https://fantasy.ekstraklasa.org/player/1928,"[{'r': 1, 'pts': 2, 'p': True}, {'r': 2, 'pts': 0, 'p': False}, {'r': 4, 'pts': 0, 'p': False}]",,,,,,,
2430,Jean-Pierre Nsame,Pogoń Szczecin,Napastnik,2,2.1,0.95,6%,https://fantasy.ekstraklasa.org/player/2430,"[{'r': 1, 'pts': 2, 'p': True}, {'r': 2, 'pts': 0, 'p': False}, {'r': 3, 'pts': 0, 'p': False}, {'r': 5, 'pts': 0, 'p': False}]",,,,,,,
2517,Adam Basse,Raków Częstochowa,Napastnik,2,0.7,2.86,4%,https://fantasy.ekstraklasa.org/player/2517,"[{'r': 1, 'pts': 1, 'p': True}, {'r': 2, 'pts': 1, 'p': True}, {'r': 4, 'pts': 0, 'p': False}]",,,,,,,
10,Kamil Pestka,Wieczysta Kraków,Obrońca,1,1.7,0.59,2%,https://fantasy.ekstraklasa.org/player/10,"[{'r': 1, 'pts': 0, 'p': False}, {'r': 2, 'pts': 1, 'p': True}, {'r': 4, 'pts': 0, 'p': False}, {'r': 5, 'pts': 0, 'p': False}]",,,,,,,
2560,Konrad Ciszek,Korona Kielce,Obrońca,1,0.9,1.11,3%,https://fantasy.ekstraklasa.org/player/2560,"[{'r': 1, 'pts': 1, 'p': True}, {'r': 3, 'pts': 0, 'p': False}, {'r': 4, 'pts': 0, 'p': False}, {'r': 5, 'pts': 0, 'p': False}]",,,,,,,
2597,Kamil Nowogoński,Zagłębie Lubin,Pomocnik,1,0.7,1.43,0%,https://fantasy.ekstraklasa.org/player/2597,"[{'r': 1, 'pts': 0, 'p': False}, {'r': 2, 'pts': 1, 'p': True}, {'r': 4, 'pts': 0, 'p': False}, {'r': 5, 'pts': 0, 'p': False}]",,,,,,,
2830,Zachary Zalewski,Jagiellonia Białystok,Pomocnik,1,0.7,1.43,5%,https://fantasy.ekstraklasa.org/player/2830,"[{'r': 1, 'pts': 0, 'p': False}, {'r': 2, 'pts': 0, 'p': False}, {'r': 3, 'pts': 1, 'p': True}]",,,,,,,
2834,Jerzy Napieraj,Raków Częstochowa,Obrońca,1,0.9,1.11,2%,https://fantasy.ekstraklasa.org/player/2834,"[{'r': 1, 'pts': 0, 'p': True}, {'r': 2, 'pts': 0, 'p': False}, {'r': 4, 'pts': 1, 'p': True}]",,,,,,,
2843,Wiktor Żołneczko,Raków Częstochowa,Bramkarz,1,0.7,1.43,5%,https://fantasy.ekstraklasa.org/player/2843,"[{'r': 1, 'pts': 1, 'p': True}, {'r': 2, 'pts': 0, 'p': False}, {'r': 4, 'pts': 0, 'p': False}]",,,,,,,
563,Marcin Wasielewski,GKS Katowice,Obrońca,-1,1.9,-0.53,4%,https://fantasy.ekstraklasa.org/player/563,"[{'r': 1, 'pts': -2, 'p': True}, {'r': 2, 'pts': 0, 'p': False}, {'r': 4, 'pts': 1, 'p': True}, {'r': 5, 'pts': 0, 'p': False}]",,,,,,,
1509,Bartłomiej Gradecki,Radomiak Radom,Bramkarz,-2,1.5,-1.33,1%,https://fantasy.ekstraklasa.org/player/1509,"[{'r': 1, 'pts': 0, 'p': False}, {'r': 2, 'pts': 0, 'p': False}, {'r': 3, 'pts': 0, 'p': False}, {'r': 4, 'pts': -2, 'p': True}, {'r': 5, 'pts': 0, 'p': False}]",,,,,,,
