player_id,name,team,position,popularity_pct,price,price_change,round,opponent,minutes,goals,assists,assist_lotto,yellow_cards,red_cards,points,played
1,Rafał Dobroliński,Cracovia,Bramkarz,0%,1.0,,19,BBT (W),0,0,0,0,0,0,0,False
1,Rafał Dobroliński,Cracovia,Bramkarz,0%,1.0,,20,LGD (W),0,0,0,0,0,0,0,False
1,Rafał Dobroliński,Cracovia,Bramkarz,0%,1.0,,21,JAG (D),0,0,0,0,0,0,0,False
1,Rafał Dobroliński,Cracovia,Bramkarz,0%,1.0,,22,WID (W),0,0,0,0,0,0,0,False
1,Rafał Dobroliński,Cracovia,Bramkarz,0%,1.0,,23,PIA (D),0,0,0,0,0,0,0,False
1,Rafał Dobroliński,Cracovia,Bramkarz,0%,1.0,,24,LEG (W),0,0,0,0,0,0,0,False
1,Rafał Dobroliński,Cracovia,Bramkarz,0%,1.0,,25,WPŁ (D),0,0,0,0,0,0,0,False
1,Rafał Dobroliński,Cracovia,Bramkarz,0%,1.0,,26,GKS (D),0,0,0,0,0,0,0,False
1,Rafał Dobroliński,Cracovia,Bramkarz,0%,1.0,,27,GÓR (W),0,0,0,0,0,0,0,False
1,Rafał Dobroliński,Cracovia,Bramkarz,0%,1.0,,28,ARK (D),0,0,0,0,0,0,0,False
1,Rafał Dobroliński,Cracovia,Bramkarz,0%,1.0,,29,RCZ (W),0,0,0,0,0,0,0,False
1,Rafał Dobroliński,Cracovia,Bramkarz,0%,1.0,,30,POG (D),0,0,0,0,0,0,0,False
1,Rafał Dobroliński,Cracovia,Bramkarz,0%,1.0,,31,ZAG (W),0,0,0,0,0,0,0,False
1,Rafał Dobroliński,Cracovia,Bramkarz,0%,1.0,,32,RAD (D),0,0,0,0,0,0,0,False
1,Rafał Dobroliński,Cracovia,Bramkarz,0%,1.0,,33,MOT (W),0,0,0,0,0,0,0,False
1,Rafał Dobroliński,Cracovia,Bramkarz,0%,1.0,,34,KOR (D),0,0,0,0,0,0,0,False
2,Damian Drzewiecki,Cracovia,Bramkarz,0%,0.7,,19,BBT (W),0,0,0,0,0,0,0,False
2,Damian Drzewiecki,Cracovia,Bramkarz,0%,0.7,,20,LGD (W),0,0,0,0,0,0,0,False
2,Damian Drzewiecki,Cracovia,Bramkarz,0%,0.7,,21,JAG (D),0,0,0,0,0,0,0,False
2,Damian Drzewiecki,Cracovia,Bramkarz,0%,0.7,,22,WID (W),0,0,0,0,0,0,0,False
2,Damian Drzewiecki,Cracovia,Bramkarz,0%,0.7,,23,PIA (D),0,0,0,0,0,0,0,False
2,Damian Drzewiecki,Cracovia,Bramkarz,0%,0.7,,24,LEG (W),0,0,0,0,0,0,0,False
2,Damian Drzewiecki,Cracovia,Bramkarz,0%,0.7,,25,WPŁ (D),0,0,0,0,0,0,0,False
2,Damian Drzewiecki,Cracovia,Bramkarz,0%,0.7,,26,GKS (D),0,0,0,0,0,0,0,False
2,Damian Drzewiecki,Cracovia,Bramkarz,0%,0.7,,27,GÓR (W),0,0,0,0,0,0,0,False
2,Damian Drzewiecki,Cracovia,Bramkarz,0%,0.7,,28,ARK (D),0,0,0,0,0,0,0,False
2,Damian Drzewiecki,Cracovia,Bramkarz,0%,0.7,,29,RCZ (W),0,0,0,0,0,0,0,False
2,Damian Drzewiecki,Cracovia,Bramkarz,0%,0.7,,30,POG (D),0,0,0,0,0,0,0,False
2,Damian Drzewiecki,Cracovia,Bramkarz,0%,0.7,,31,ZAG (W),0,0,0,0,0,0,0,False
2,Damian Drzewiecki,Cracovia,Bramkarz,0%,0.7,,32,RAD (D),0,0,0,0,0,0,0,False
2,Damian Drzewiecki,Cracovia,Bramkarz,0%,0.7,,33,MOT (W),0,0,0,0,0,0,0,False
2,Damian Drzewiecki,Cracovia,Bramkarz,0%,0.7,,34,KOR (D),0,0,0,0,0,0,0,False
3,Grzegorz Sandomierski,Górnik Zabrze,Bramkarz,0%,1.8,,19,PIA (D),0,0,0,0,0,0,0,False
3,Grzegorz Sandomierski,Górnik Zabrze,Bramkarz,0%,1.8,,20,LPO (D),0,0,0,0,0,0,0,False
3,Grzegorz Sandomierski,Górnik Zabrze,Bramkarz,0%,1.8,,21,BBT (W),0,0,0,0,0,0,0,False
3,Grzegorz Sandomierski,Górnik Zabrze,Bramkarz,0%,1.8,,22,POG (D),0,0,0,0,0,0,0,False
3,Grzegorz Sandomierski,Górnik Zabrze,Bramkarz,0%,1.8,,23,GKS (W),0,0,0,0,0,0,0,False
3,Grzegorz Sandomierski,Górnik Zabrze,Bramkarz,0%,1.8,,24,MOT (W),0,0,0,0,0,0,0,False
3,Grzegorz Sandomierski,Górnik Zabrze,Bramkarz,0%,1.8,,25,RCZ (D),0,0,0,0,0,0,0,False
3,Grzegorz Sandomierski,Górnik Zabrze,Bramkarz,0%,1.8,,26,WID (W),0,0,0,0,0,0,0,False
3,Grzegorz Sandomierski,Górnik Zabrze,Bramkarz,0%,1.8,,27,CRA (D),0,0,0,0,0,0,0,False
3,Grzegorz Sandomierski,Górnik Zabrze,Bramkarz,0%,1.8,,28,LEG (W),0,0,0,0,0,0,0,False
3,Grzegorz Sandomierski,Górnik Zabrze,Bramkarz,0%,1.8,,29,KOR (D),0,0,0,0,0,0,0,False
3,Grzegorz Sandomierski,Górnik Zabrze,Bramkarz,0%,1.8,,30,JAG (W),0,0,0,0,0,0,0,False
3,Grzegorz Sandomierski,Górnik Zabrze,Bramkarz,0%,1.8,,31,ARK (W),0,0,0,0,0,0,0,False
3,Grzegorz Sandomierski,Górnik Zabrze,Bramkarz,0%,1.8,,32,ZAG (D),0,0,0,0,0,0,0,False
3,Grzegorz Sandomierski,Górnik Zabrze,Bramkarz,0%,1.8,,33,WPŁ (W),0,0,0,0,0,0,0,False
3,Grzegorz Sandomierski,Górnik Zabrze,Bramkarz,0%,1.8,,34,RAD (D),0,0,0,0,0,0,0,False
4,Jakub Grzywaczewski,Cracovia,Bramkarz,0%,0.7,,19,BBT (W),0,0,0,0,0,0,0,False
4,Jakub Grzywaczewski,Cracovia,Bramkarz,0%,0.7,,20,LGD (W),0,0,0,0,0,0,0,False
4,Jakub Grzywaczewski,Cracovia,Bramkarz,0%,0.7,,21,JAG (D),0,0,0,0,0,0,0,False
4,Jakub Grzywaczewski,Cracovia,Bramkarz,0%,0.7,,22,WID (W),0,0,0,0,0,0,0,False
4,Jakub Grzywaczewski,Cracovia,Bramkarz,0%,0.7,,23,PIA (D),0,0,0,0,0,0,0,False
4,Jakub Grzywaczewski,Cracovia,Bramkarz,0%,0.7,,24,LEG (W),0,0,0,0,0,0,0,False
4,Jakub Grzywaczewski,Cracovia,Bramkarz,0%,0.7,,25,WPŁ (D),0,0,0,0,0,0,0,False
4,Jakub Grzywaczewski,Cracovia,Bramkarz,0%,0.7,,26,GKS (D),0,0,0,0,0,0,0,False
4,Jakub Grzywaczewski,Cracovia,Bramkarz,0%,0.7,,27,GÓR (W),0,0,0,0,0,0,0,False
4,Jakub Grzywaczewski,Cracovia,Bramkarz,0%,0.7,,28,ARK (D),0,0,0,0,0,0,0,False
4,Jakub Grzywaczewski,Cracovia,Bramkarz,0%,0.7,,29,RCZ (W),0,0,0,0,0,0,0,False
4,Jakub Grzywaczewski,Cracovia,Bramkarz,0%,0.7,,30,POG (D),0,0,0,0,0,0,0,False
4,Jakub Grzywaczewski,Cracovia,Bramkarz,0%,0.7,,31,ZAG (W),0,0,0,0,0,0,0,False
4,Jakub Grzywaczewski,Cracovia,Bramkarz,0%,0.7,,32,RAD (D),0,0,0,0,0,0,0,False
4,Jakub Grzywaczewski,Cracovia,Bramkarz,0%,0.7,,33,MOT (W),0,0,0,0,0,0,0,False
4,Jakub Grzywaczewski,Cracovia,Bramkarz,0%,0.7,,34,KOR (D),0,0,0,0,0,0,0,False
5,Adam Wilk,Cracovia,Bramkarz,0%,0.8,,19,BBT (W),0,0,0,0,0,0,0,False
5,Adam Wilk,Cracovia,Bramkarz,0%,0.8,,20,LGD (W),0,0,0,0,0,0,0,False
5,Adam Wilk,Cracovia,Bramkarz,0%,0.8,,21,JAG (D),0,0,0,0,0,0,0,False
5,Adam Wilk,Cracovia,Bramkarz,0%,0.8,,22,WID (W),0,0,0,0,0,0,0,False
5,Adam Wilk,Cracovia,Bramkarz,0%,0.8,,23,PIA (D),0,0,0,0,0,0,0,False
5,Adam Wilk,Cracovia,Bramkarz,0%,0.8,,24,LEG (W),0,0,0,0,0,0,0,False
5,Adam Wilk,Cracovia,Bramkarz,0%,0.8,,25,WPŁ (D),0,0,0,0,0,0,0,False
5,Adam Wilk,Cracovia,Bramkarz,0%,0.8,,26,GKS (D),0,0,0,0,0,0,0,False
5,Adam Wilk,Cracovia,Bramkarz,0%,0.8,,27,GÓR (W),0,0,0,0,0,0,0,False
5,Adam Wilk,Cracovia,Bramkarz,0%,0.8,,28,ARK (D),0,0,0,0,0,0,0,False
5,Adam Wilk,Cracovia,Bramkarz,0%,0.8,,29,RCZ (W),0,0,0,0,0,0,0,False
5,Adam Wilk,Cracovia,Bramkarz,0%,0.8,,30,POG (D),0,0,0,0,0,0,0,False
5,Adam Wilk,Cracovia,Bramkarz,0%,0.8,,31,ZAG (W),0,0,0,0,0,0,0,False
5,Adam Wilk,Cracovia,Bramkarz,0%,0.8,,32,RAD (D),0,0,0,0,0,0,0,False
5,Adam Wilk,Cracovia,Bramkarz,0%,0.8,,33,MOT (W),0,0,0,0,0,0,0,False
5,Adam Wilk,Cracovia,Bramkarz,0%,0.8,,34,KOR (D),0,0,0,0,0,0,0,False
6,Florin Bejan,Cracovia,Obrońca,0%,1.0,,19,BBT (W),0,0,0,0,0,0,0,False
6,Florin Bejan,Cracovia,Obrońca,0%,1.0,,20,LGD (W),0,0,0,0,0,0,0,False
6,Florin Bejan,Cracovia,Obrońca,0%,1.0,,21,JAG (D),0,0,0,0,0,0,0,False
6,Florin Bejan,Cracovia,Obrońca,0%,1.0,,22,WID (W),0,0,0,0,0,0,0,False
6,Florin Bejan,Cracovia,Obrońca,0%,1.0,,23,PIA (D),0,0,0,0,0,0,0,False
6,Florin Bejan,Cracovia,Obrońca,0%,1.0,,24,LEG (W),0,0,0,0,0,0,0,False
6,Florin Bejan,Cracovia,Obrońca,0%,1.0,,25,WPŁ (D),0,0,0,0,0,0,0,False
6,Florin Bejan,Cracovia,Obrońca,0%,1.0,,26,GKS (D),0,0,0,0,0,0,0,False
6,Florin Bejan,Cracovia,Obrońca,0%,1.0,,27,GÓR (W),0,0,0,0,0,0,0,False
6,Florin Bejan,Cracovia,Obrońca,0%,1.0,,28,ARK (D),0,0,0,0,0,0,0,False
6,Florin Bejan,Cracovia,Obrońca,0%,1.0,,29,RCZ (W),0,0,0,0,0,0,0,False
6,Florin Bejan,Cracovia,Obrońca,0%,1.0,,30,POG (D),0,0,0,0,0,0,0,False
6,Florin Bejan,Cracovia,Obrońca,0%,1.0,,31,ZAG (W),0,0,0,0,0,0,0,False
6,Florin Bejan,Cracovia,Obrońca,0%,1.0,,32,RAD (D),0,0,0,0,0,0,0,False
6,Florin Bejan,Cracovia,Obrońca,0%,1.0,,33,MOT (W),0,0,0,0,0,0,0,False
6,Florin Bejan,Cracovia,Obrońca,0%,1.0,,34,KOR (D),0,0,0,0,0,0,0,False
7,Deleu,Cracovia,Obrońca,0%,1.5,,19,BBT (W),0,0,0,0,0,0,0,False
7,Deleu,Cracovia,Obrońca,0%,1.5,,20,LGD (W),0,0,0,0,0,0,0,False
7,Deleu,Cracovia,Obrońca,0%,1.5,,21,JAG (D),0,0,0,0,0,0,0,False
7,Deleu,Cracovia,Obrońca,0%,1.5,,22,WID (W),0,0,0,0,0,0,0,False
7,Deleu,Cracovia,Obrońca,0%,1.5,,23,PIA (D),0,0,0,0,0,0,0,False
7,Deleu,Cracovia,Obrońca,0%,1.5,,24,LEG (W),0,0,0,0,0,0,0,False
7,Deleu,Cracovia,Obrońca,0%,1.5,,25,WPŁ (D),0,0,0,0,0,0,0,False
7,Deleu,Cracovia,Obrońca,0%,1.5,,26,GKS (D),0,0,0,0,0,0,0,False
7,Deleu,Cracovia,Obrońca,0%,1.5,,27,GÓR (W),0,0,0,0,0,0,0,False
7,Deleu,Cracovia,Obrońca,0%,1.5,,28,ARK (D),0,0,0,0,0,0,0,False
7,Deleu,Cracovia,Obrońca,0%,1.5,,29,RCZ (W),0,0,0,0,0,0,0,False
7,Deleu,Cracovia,Obrońca,0%,1.5,,30,POG (D),0,0,0,0,0,0,0,False
7,Deleu,Cracovia,Obrońca,0%,1.5,,31,ZAG (W),0,0,0,0,0,0,0,False
7,Deleu,Cracovia,Obrońca,0%,1.5,,32,RAD (D),0,0,0,0,0,0,0,False
7,Deleu,Cracovia,Obrońca,0%,1.5,,33,MOT (W),0,0,0,0,0,0,0,False
7,Deleu,Cracovia,Obrońca,0%,1.5,,34,KOR (D),0,0,0,0,0,0,0,False
8,Paweł Jaroszyński,Cracovia,Obrońca,0%,1.7,,19,BBT (W),0,0,0,0,0,0,0,False
8,Paweł Jaroszyński,Cracovia,Obrońca,0%,1.7,,20,LGD (W),0,0,0,0,0,0,0,False
8,Paweł Jaroszyński,Cracovia,Obrońca,0%,1.7,,21,JAG (D),0,0,0,0,0,0,0,False
8,Paweł Jaroszyński,Cracovia,Obrońca,0%,1.7,,22,WID (W),0,0,0,0,0,0,0,False
8,Paweł Jaroszyński,Cracovia,Obrońca,0%,1.7,,23,PIA (D),0,0,0,0,0,0,0,False
8,Paweł Jaroszyński,Cracovia,Obrońca,0%,1.7,,24,LEG (W),0,0,0,0,0,0,0,False
8,Paweł Jaroszyński,Cracovia,Obrońca,0%,1.7,,25,WPŁ (D),0,0,0,0,0,0,0,False
8,Paweł Jaroszyński,Cracovia,Obrońca,0%,1.7,,26,GKS (D),0,0,0,0,0,0,0,False
8,Paweł Jaroszyński,Cracovia,Obrońca,0%,1.7,,27,GÓR (W),0,0,0,0,0,0,0,False
8,Paweł Jaroszyński,Cracovia,Obrońca,0%,1.7,,28,ARK (D),0,0,0,0,0,0,0,False
8,Paweł Jaroszyński,Cracovia,Obrońca,0%,1.7,,29,RCZ (W),0,0,0,0,0,0,0,False
8,Paweł Jaroszyński,Cracovia,Obrońca,0%,1.7,,30,POG (D),0,0,0,0,0,0,0,False
8,Paweł Jaroszyński,Cracovia,Obrońca,0%,1.7,,31,ZAG (W),0,0,0,0,0,0,0,False
8,Paweł Jaroszyński,Cracovia,Obrońca,0%,1.7,,32,RAD (D),0,0,0,0,0,0,0,False
8,Paweł Jaroszyński,Cracovia,Obrońca,0%,1.7,,33,MOT (W),0,0,0,0,0,0,0,False
8,Paweł Jaroszyński,Cracovia,Obrońca,0%,1.7,,34,KOR (D),0,0,0,0,0,0,0,False
9,Róbert Litauszki,Cracovia,Obrońca,0%,0.9,,19,BBT (W),0,0,0,0,0,0,0,False
9,Róbert Litauszki,Cracovia,Obrońca,0%,0.9,,20,LGD (W),0,0,0,0,0,0,0,False
9,Róbert Litauszki,Cracovia,Obrońca,0%,0.9,,21,JAG (D),0,0,0,0,0,0,0,False
9,Róbert Litauszki,Cracovia,Obrońca,0%,0.9,,22,WID (W),0,0,0,0,0,0,0,False
9,Róbert Litauszki,Cracovia,Obrońca,0%,0.9,,23,PIA (D),0,0,0,0,0,0,0,False
9,Róbert Litauszki,Cracovia,Obrońca,0%,0.9,,24,LEG (W),0,0,0,0,0,0,0,False
9,Róbert Litauszki,Cracovia,Obrońca,0%,0.9,,25,WPŁ (D),0,0,0,0,0,0,0,False
9,Róbert Litauszki,Cracovia,Obrońca,0%,0.9,,26,GKS (D),0,0,0,0,0,0,0,False
9,Róbert Litauszki,Cracovia,Obrońca,0%,0.9,,27,GÓR (W),0,0,0,0,0,0,0,False
9,Róbert Litauszki,Cracovia,Obrońca,0%,0.9,,28,ARK (D),0,0,0,0,0,0,0,False
9,Róbert Litauszki,Cracovia,Obrońca,0%,0.9,,29,RCZ (W),0,0,0,0,0,0,0,False
9,Róbert Litauszki,Cracovia,Obrońca,0%,0.9,,30,POG (D),0,0,0,0,0,0,0,False
9,Róbert Litauszki,Cracovia,Obrońca,0%,0.9,,31,ZAG (W),0,0,0,0,0,0,0,False
9,Róbert Litauszki,Cracovia,Obrońca,0%,0.9,,32,RAD (D),0,0,0,0,0,0,0,False
9,Róbert Litauszki,Cracovia,Obrońca,0%,0.9,,33,MOT (W),0,0,0,0,0,0,0,False
9,Róbert Litauszki,Cracovia,Obrońca,0%,0.9,,34,KOR (D),0,0,0,0,0,0,0,False
10,Kamil Pestka,Radomiak Radom,Obrońca,0%,1.7,,19,ARK (D),0,0,0,0,0,0,0,False
10,Kamil Pestka,Radomiak Radom,Obrońca,0%,1.7,,20,RCZ (W),0,0,0,0,0,0,0,False
10,Kamil Pestka,Radomiak Radom,Obrońca,0%,1.7,,21,KOR (D),0,0,0,0,0,0,0,False
10,Kamil Pestka,Radomiak Radom,Obrońca,0%,1.7,,22,JAG (W),0,0,0,0,0,0,0,False
10,Kamil Pestka,Radomiak Radom,Obrońca,0%,1.7,,23,BBT (W),0,0,0,0,0,0,0,False
10,Kamil Pestka,Radomiak Radom,Obrońca,0%,1.7,,24,GKS (D),0,0,0,0,0,0,0,False
10,Kamil Pestka,Radomiak Radom,Obrońca,0%,1.7,,25,LEG (D),0,0,0,0,0,0,0,False
10,Kamil Pestka,Radomiak Radom,Obrońca,0%,1.7,,26,PIA (W),0,0,0,0,0,0,0,False
10,Kamil Pestka,Radomiak Radom,Obrońca,0%,1.7,,27,MOT (D),0,0,0,0,0,0,0,False
10,Kamil Pestka,Radomiak Radom,Obrońca,0%,1.7,,28,ZAG (W),0,0,0,0,0,0,0,False
10,Kamil Pestka,Radomiak Radom,Obrońca,0%,1.7,,29,WID (D),0,0,0,0,0,0,0,False
10,Kamil Pestka,Radomiak Radom,Obrońca,0%,1.7,,30,WPŁ (W),0,0,0,0,0,0,0,False
10,Kamil Pestka,Radomiak Radom,Obrońca,0%,1.7,,31,LGD (D),0,0,0,0,0,0,0,False
10,Kamil Pestka,Radomiak Radom,Obrońca,0%,1.7,,32,CRA (W),0,0,0,0,0,0,0,False
10,Kamil Pestka,Radomiak Radom,Obrońca,0%,1.7,,33,LPO (D),0,0,0,0,0,0,0,False
10,Kamil Pestka,Radomiak Radom,Obrońca,0%,1.7,,34,GÓR (W),0,0,0,0,0,0,0,False
12,Łukasz Sosnowski,Cracovia,Obrońca,0%,0.7,,19,BBT (W),0,0,0,0,0,0,0,False
12,Łukasz Sosnowski,Cracovia,Obrońca,0%,0.7,,20,LGD (W),0,0,0,0,0,0,0,False
12,Łukasz Sosnowski,Cracovia,Obrońca,0%,0.7,,21,JAG (D),0,0,0,0,0,0,0,False
12,Łukasz Sosnowski,Cracovia,Obrońca,0%,0.7,,22,WID (W),0,0,0,0,0,0,0,False
12,Łukasz Sosnowski,Cracovia,Obrońca,0%,0.7,,23,PIA (D),0,0,0,0,0,0,0,False
12,Łukasz Sosnowski,Cracovia,Obrońca,0%,0.7,,24,LEG (W),0,0,0,0,0,0,0,False
12,Łukasz Sosnowski,Cracovia,Obrońca,0%,0.7,,25,WPŁ (D),0,0,0,0,0,0,0,False
12,Łukasz Sosnowski,Cracovia,Obrońca,0%,0.7,,26,GKS (D),0,0,0,0,0,0,0,False
12,Łukasz Sosnowski,Cracovia,Obrońca,0%,0.7,,27,GÓR (W),0,0,0,0,0,0,0,False
12,Łukasz Sosnowski,Cracovia,Obrońca,0%,0.7,,28,ARK (D),0,0,0,0,0,0,0,False
12,Łukasz Sosnowski,Cracovia,Obrońca,0%,0.7,,29,RCZ (W),0,0,0,0,0,0,0,False
12,Łukasz Sosnowski,Cracovia,Obrońca,0%,0.7,,30,POG (D),0,0,0,0,0,0,0,False
12,Łukasz Sosnowski,Cracovia,Obrońca,0%,0.7,,31,ZAG (W),0,0,0,0,0,0,0,False
12,Łukasz Sosnowski,Cracovia,Obrońca,0%,0.7,,32,RAD (D),0,0,0,0,0,0,0,False
12,Łukasz Sosnowski,Cracovia,Obrońca,0%,0.7,,33,MOT (W),0,0,0,0,0,0,0,False
12,Łukasz Sosnowski,Cracovia,Obrońca,0%,0.7,,34,KOR (D),0,0,0,0,0,0,0,False
13,Hubert Wołąkiewicz,Cracovia,Obrońca,0%,1.6,,19,BBT (W),0,0,0,0,0,0,0,False
13,Hubert Wołąkiewicz,Cracovia,Obrońca,0%,1.6,,20,LGD (W),0,0,0,0,0,0,0,False
13,Hubert Wołąkiewicz,Cracovia,Obrońca,0%,1.6,,21,JAG (D),0,0,0,0,0,0,0,False
13,Hubert Wołąkiewicz,Cracovia,Obrońca,0%,1.6,,22,WID (W),0,0,0,0,0,0,0,False
13,Hubert Wołąkiewicz,Cracovia,Obrońca,0%,1.6,,23,PIA (D),0,0,0,0,0,0,0,False
13,Hubert Wołąkiewicz,Cracovia,Obrońca,0%,1.6,,24,LEG (W),0,0,0,0,0,0,0,False
13,Hubert Wołąkiewicz,Cracovia,Obrońca,0%,1.6,,25,WPŁ (D),0,0,0,0,0,0,0,False
13,Hubert Wołąkiewicz,Cracovia,Obrońca,0%,1.6,,26,GKS (D),0,0,0,0,0,0,0,False
13,Hubert Wołąkiewicz,Cracovia,Obrońca,0%,1.6,,27,GÓR (W),0,0,0,0,0,0,0,False
13,Hubert Wołąkiewicz,Cracovia,Obrońca,0%,1.6,,28,ARK (D),0,0,0,0,0,0,0,False
13,Hubert Wołąkiewicz,Cracovia,Obrońca,0%,1.6,,29,RCZ (W),0,0,0,0,0,0,0,False
13,Hubert Wołąkiewicz,Cracovia,Obrońca,0%,1.6,,30,POG (D),0,0,0,0,0,0,0,False
13,Hubert Wołąkiewicz,Cracovia,Obrońca,0%,1.6,,31,ZAG (W),0,0,0,0,0,0,0,False
13,Hubert Wołąkiewicz,Cracovia,Obrońca,0%,1.6,,32,RAD (D),0,0,0,0,0,0,0,False
13,Hubert Wołąkiewicz,Cracovia,Obrońca,0%,1.6,,33,MOT (W),0,0,0,0,0,0,0,False
13,Hubert Wołąkiewicz,Cracovia,Obrońca,0%,1.6,,34,KOR (D),0,0,0,0,0,0,0,False
14,Jakub Wójcicki,Zagłębie Lubin,Obrońca,0%,1.7,,19,GKS (D),0,0,0,0,0,0,0,False
14,Jakub Wójcicki,Zagłębie Lubin,Obrońca,0%,1.7,,20,KOR (W),0,0,0,0,0,0,0,False
14,Jakub Wójcicki,Zagłębie Lubin,Obrońca,0%,1.7,,21,RCZ (D),0,0,0,0,0,0,0,False
14,Jakub Wójcicki,Zagłębie Lubin,Obrońca,0%,1.7,,22,LGD (W),0,0,0,0,0,0,0,False
14,Jakub Wójcicki,Zagłębie Lubin,Obrońca,0%,1.7,,23,WPŁ (D),0,0,0,0,0,0,0,False
14,Jakub Wójcicki,Zagłębie Lubin,Obrońca,0%,1.7,,24,PIA (W),0,0,0,0,0,0,0,False
14,Jakub Wójcicki,Zagłębie Lubin,Obrońca,0%,1.7,,25,LPO (D),0,0,0,0,0,0,0,False
14,Jakub Wójcicki,Zagłębie Lubin,Obrońca,0%,1.7,,26,MOT (W),0,0,0,0,0,0,0,False
14,Jakub Wójcicki,Zagłębie Lubin,Obrońca,0%,1.7,,27,ARK (W),0,0,0,0,0,0,0,False
14,Jakub Wójcicki,Zagłębie Lubin,Obrońca,0%,1.7,,28,RAD (D),0,0,0,0,0,0,0,False
14,Jakub Wójcicki,Zagłębie Lubin,Obrońca,0%,1.7,,29,LEG (W),0,0,0,0,0,0,0,False
14,Jakub Wójcicki,Zagłębie Lubin,Obrońca,0%,1.7,,30,BBT (D),0,0,0,0,0,0,0,False
14,Jakub Wójcicki,Zagłębie Lubin,Obrońca,0%,1.7,,31,CRA (D),0,0,0,0,0,0,0,False
14,Jakub Wójcicki,Zagłębie Lubin,Obrońca,0%,1.7,,32,GÓR (W),0,0,0,0,0,0,0,False
14,Jakub Wójcicki,Zagłębie Lubin,Obrońca,0%,1.7,,33,POG (D),0,0,0,0,0,0,0,False
14,Jakub Wójcicki,Zagłębie Lubin,Obrońca,0%,1.7,,34,JAG (W),0,0,0,0,0,0,0,False
15,Hubert Adamczyk,Zagłębie Lubin,Pomocnik,1%,1.7,,19,GKS (D),0,0,0,0,0,0,0,False
15,Hubert Adamczyk,Zagłębie Lubin,Pomocnik,1%,1.7,,20,KOR (W),0,0,0,0,0,0,0,False
15,Hubert Adamczyk,Zagłębie Lubin,Pomocnik,1%,1.7,,21,RCZ (D),0,0,0,0,0,0,0,False
15,Hubert Adamczyk,Zagłębie Lubin,Pomocnik,1%,1.7,,22,LGD (W),0,0,0,0,0,0,0,False
15,Hubert Adamczyk,Zagłębie Lubin,Pomocnik,1%,1.7,,23,WPŁ (D),0,0,0,0,0,0,0,False
15,Hubert Adamczyk,Zagłębie Lubin,Pomocnik,1%,1.7,,24,PIA (W),0,0,0,0,0,0,0,False
15,Hubert Adamczyk,Zagłębie Lubin,Pomocnik,1%,1.7,,25,LPO (D),0,0,0,0,0,0,0,False
15,Hubert Adamczyk,Zagłębie Lubin,Pomocnik,1%,1.7,,26,MOT (W),0,0,0,0,0,0,0,False
15,Hubert Adamczyk,Zagłębie Lubin,Pomocnik,1%,1.7,,27,ARK (W),0,0,0,0,0,0,0,False
15,Hubert Adamczyk,Zagłębie Lubin,Pomocnik,1%,1.7,,28,RAD (D),0,0,0,0,0,0,0,False
15,Hubert Adamczyk,Zagłębie Lubin,Pomocnik,1%,1.7,,29,LEG (W),0,0,0,0,0,0,0,False
15,Hubert Adamczyk,Zagłębie Lubin,Pomocnik,1%,1.7,,30,BBT (D),0,0,0,0,0,0,0,False
15,Hubert Adamczyk,Zagłębie Lubin,Pomocnik,1%,1.7,,31,CRA (D),0,0,0,0,0,0,0,False
15,Hubert Adamczyk,Zagłębie Lubin,Pomocnik,1%,1.7,,32,GÓR (W),0,0,0,0,0,0,0,False
15,Hubert Adamczyk,Zagłębie Lubin,Pomocnik,1%,1.7,,33,POG (D),0,0,0,0,0,0,0,False
15,Hubert Adamczyk,Zagłębie Lubin,Pomocnik,1%,1.7,,34,JAG (W),0,0,0,0,0,0,0,False
16,Mateusz Argasiński,Cracovia,Pomocnik,0%,0.9,,19,BBT (W),0,0,0,0,0,0,0,False
16,Mateusz Argasiński,Cracovia,Pomocnik,0%,0.9,,20,LGD (W),0,0,0,0,0,0,0,False
16,Mateusz Argasiński,Cracovia,Pomocnik,0%,0.9,,21,JAG (D),0,0,0,0,0,0,0,False
16,Mateusz Argasiński,Cracovia,Pomocnik,0%,0.9,,22,WID (W),0,0,0,0,0,0,0,False
16,Mateusz Argasiński,Cracovia,Pomocnik,0%,0.9,,23,PIA (D),0,0,0,0,0,0,0,False
16,Mateusz Argasiński,Cracovia,Pomocnik,0%,0.9,,24,LEG (W),0,0,0,0,0,0,0,False
16,Mateusz Argasiński,Cracovia,Pomocnik,0%,0.9,,25,WPŁ (D),0,0,0,0,0,0,0,False
16,Mateusz Argasiński,Cracovia,Pomocnik,0%,0.9,,26,GKS (D),0,0,0,0,0,0,0,False
16,Mateusz Argasiński,Cracovia,Pomocnik,0%,0.9,,27,GÓR (W),0,0,0,0,0,0,0,False
16,Mateusz Argasiński,Cracovia,Pomocnik,0%,0.9,,28,ARK (D),0,0,0,0,0,0,0,False
16,Mateusz Argasiński,Cracovia,Pomocnik,0%,0.9,,29,RCZ (W),0,0,0,0,0,0,0,False
16,Mateusz Argasiński,Cracovia,Pomocnik,0%,0.9,,30,POG (D),0,0,0,0,0,0,0,False
16,Mateusz Argasiński,Cracovia,Pomocnik,0%,0.9,,31,ZAG (W),0,0,0,0,0,0,0,False
16,Mateusz Argasiński,Cracovia,Pomocnik,0%,0.9,,32,RAD (D),0,0,0,0,0,0,0,False
16,Mateusz Argasiński,Cracovia,Pomocnik,0%,0.9,,33,MOT (W),0,0,0,0,0,0,0,False
16,Mateusz Argasiński,Cracovia,Pomocnik,0%,0.9,,34,KOR (D),0,0,0,0,0,0,0,False
17,Marcin Budziński,Cracovia,Pomocnik,0%,1.2,,19,BBT (W),0,0,0,0,0,0,0,False
17,Marcin Budziński,Cracovia,Pomocnik,0%,1.2,,20,LGD (W),0,0,0,0,0,0,0,False
17,Marcin Budziński,Cracovia,Pomocnik,0%,1.2,,21,JAG (D),0,0,0,0,0,0,0,False
17,Marcin Budziński,Cracovia,Pomocnik,0%,1.2,,22,WID (W),0,0,0,0,0,0,0,False
17,Marcin Budziński,Cracovia,Pomocnik,0%,1.2,,23,PIA (D),0,0,0,0,0,0,0,False
17,Marcin Budziński,Cracovia,Pomocnik,0%,1.2,,24,LEG (W),0,0,0,0,0,0,0,False
17,Marcin Budziński,Cracovia,Pomocnik,0%,1.2,,25,WPŁ (D),0,0,0,0,0,0,0,False
17,Marcin Budziński,Cracovia,Pomocnik,0%,1.2,,26,GKS (D),0,0,0,0,0,0,0,False
17,Marcin Budziński,Cracovia,Pomocnik,0%,1.2,,27,GÓR (W),0,0,0,0,0,0,0,False
17,Marcin Budziński,Cracovia,Pomocnik,0%,1.2,,28,ARK (D),0,0,0,0,0,0,0,False
17,Marcin Budziński,Cracovia,Pomocnik,0%,1.2,,29,RCZ (W),0,0,0,0,0,0,0,False
17,Marcin Budziński,Cracovia,Pomocnik,0%,1.2,,30,POG (D),0,0,0,0,0,0,0,False
17,Marcin Budziński,Cracovia,Pomocnik,0%,1.2,,31,ZAG (W),0,0,0,0,0,0,0,False
17,Marcin Budziński,Cracovia,Pomocnik,0%,1.2,,32,RAD (D),0,0,0,0,0,0,0,False
17,Marcin Budziński,Cracovia,Pomocnik,0%,1.2,,33,MOT (W),0,0,0,0,0,0,0,False
17,Marcin Budziński,Cracovia,Pomocnik,0%,1.2,,34,KOR (D),0,0,0,0,0,0,0,False
18,Mateusz Cetnarski,Cracovia,Pomocnik,0%,1.5,,19,BBT (W),0,0,0,0,0,0,0,False
18,Mateusz Cetnarski,Cracovia,Pomocnik,0%,1.5,,20,LGD (W),0,0,0,0,0,0,0,False
18,Mateusz Cetnarski,Cracovia,Pomocnik,0%,1.5,,21,JAG (D),0,0,0,0,0,0,0,False
18,Mateusz Cetnarski,Cracovia,Pomocnik,0%,1.5,,22,WID (W),0,0,0,0,0,0,0,False
18,Mateusz Cetnarski,Cracovia,Pomocnik,0%,1.5,,23,PIA (D),0,0,0,0,0,0,0,False
18,Mateusz Cetnarski,Cracovia,Pomocnik,0%,1.5,,24,LEG (W),0,0,0,0,0,0,0,False
18,Mateusz Cetnarski,Cracovia,Pomocnik,0%,1.5,,25,WPŁ (D),0,0,0,0,0,0,0,False
18,Mateusz Cetnarski,Cracovia,Pomocnik,0%,1.5,,26,GKS (D),0,0,0,0,0,0,0,False
18,Mateusz Cetnarski,Cracovia,Pomocnik,0%,1.5,,27,GÓR (W),0,0,0,0,0,0,0,False
18,Mateusz Cetnarski,Cracovia,Pomocnik,0%,1.5,,28,ARK (D),0,0,0,0,0,0,0,False
18,Mateusz Cetnarski,Cracovia,Pomocnik,0%,1.5,,29,RCZ (W),0,0,0,0,0,0,0,False
18,Mateusz Cetnarski,Cracovia,Pomocnik,0%,1.5,,30,POG (D),0,0,0,0,0,0,0,False
18,Mateusz Cetnarski,Cracovia,Pomocnik,0%,1.5,,31,ZAG (W),0,0,0,0,0,0,0,False
18,Mateusz Cetnarski,Cracovia,Pomocnik,0%,1.5,,32,RAD (D),0,0,0,0,0,0,0,False
18,Mateusz Cetnarski,Cracovia,Pomocnik,0%,1.5,,33,MOT (W),0,0,0,0,0,0,0,False
18,Mateusz Cetnarski,Cracovia,Pomocnik,0%,1.5,,34,KOR (D),0,0,0,0,0,0,0,False
19,Miroslav Čovilo,Cracovia,Pomocnik,0%,2.0,,19,BBT (W),0,0,0,0,0,0,0,False
19,Miroslav Čovilo,Cracovia,Pomocnik,0%,2.0,,20,LGD (W),0,0,0,0,0,0,0,False
19,Miroslav Čovilo,Cracovia,Pomocnik,0%,2.0,,21,JAG (D),0,0,0,0,0,0,0,False
19,Miroslav Čovilo,Cracovia,Pomocnik,0%,2.0,,22,WID (W),0,0,0,0,0,0,0,False
19,Miroslav Čovilo,Cracovia,Pomocnik,0%,2.0,,23,PIA (D),0,0,0,0,0,0,0,False
19,Miroslav Čovilo,Cracovia,Pomocnik,0%,2.0,,24,LEG (W),0,0,0,0,0,0,0,False
19,Miroslav Čovilo,Cracovia,Pomocnik,0%,2.0,,25,WPŁ (D),0,0,0,0,0,0,0,False
19,Miroslav Čovilo,Cracovia,Pomocnik,0%,2.0,,26,GKS (D),0,0,0,0,0,0,0,False
19,Miroslav Čovilo,Cracovia,Pomocnik,0%,2.0,,27,GÓR (W),0,0,0,0,0,0,0,False
19,Miroslav Čovilo,Cracovia,Pomocnik,0%,2.0,,28,ARK (D),0,0,0,0,0,0,0,False
19,Miroslav Čovilo,Cracovia,Pomocnik,0%,2.0,,29,RCZ (W),0,0,0,0,0,0,0,False
19,Miroslav Čovilo,Cracovia,Pomocnik,0%,2.0,,30,POG (D),0,0,0,0,0,0,0,False
19,Miroslav Čovilo,Cracovia,Pomocnik,0%,2.0,,31,ZAG (W),0,0,0,0,0,0,0,False
19,Miroslav Čovilo,Cracovia,Pomocnik,0%,2.0,,32,RAD (D),0,0,0,0,0,0,0,False
19,Miroslav Čovilo,Cracovia,Pomocnik,0%,2.0,,33,MOT (W),0,0,0,0,0,0,0,False
19,Miroslav Čovilo,Cracovia,Pomocnik,0%,2.0,,34,KOR (D),0,0,0,0,0,0,0,False
20,Damian Dąbrowski,Zagłębie Lubin,Pomocnik,0%,1.7,,19,GKS (D),57,0,0,0,0,0,2,True
20,Damian Dąbrowski,Zagłębie Lubin,Pomocnik,0%,1.7,,20,KOR (W),0,0,0,0,0,0,0,False
20,Damian Dąbrowski,Zagłębie Lubin,Pomocnik,0%,1.7,,21,RCZ (D),1,0,0,0,0,0,1,True
20,Damian Dąbrowski,Zagłębie Lubin,Pomocnik,0%,1.7,,22,LGD (W),0,0,0,0,0,0,0,False
20,Damian Dąbrowski,Zagłębie Lubin,Pomocnik,0%,1.7,,23,WPŁ (D),0,0,0,0,0,0,0,False
20,Damian Dąbrowski,Zagłębie Lubin,Pomocnik,0%,1.7,,24,PIA (W),0,0,0,0,0,0,0,False
20,Damian Dąbrowski,Zagłębie Lubin,Pomocnik,0%,1.7,,25,LPO (D),0,0,0,0,0,0,0,False
20,Damian Dąbrowski,Zagłębie Lubin,Pomocnik,0%,1.7,,26,MOT (W),0,0,0,0,0,0,0,False
20,Damian Dąbrowski,Zagłębie Lubin,Pomocnik,0%,1.7,,27,ARK (W),0,0,0,0,0,0,0,False
20,Damian Dąbrowski,Zagłębie Lubin,Pomocnik,0%,1.7,,28,RAD (D),0,0,0,0,0,0,0,False
20,Damian Dąbrowski,Zagłębie Lubin,Pomocnik,0%,1.7,,29,LEG (W),0,0,0,0,0,0,0,False
20,Damian Dąbrowski,Zagłębie Lubin,Pomocnik,0%,1.7,,30,BBT (D),0,0,0,0,0,0,0,False
20,Damian Dąbrowski,Zagłębie Lubin,Pomocnik,0%,1.7,,31,CRA (D),0,0,0,0,0,0,0,False
20,Damian Dąbrowski,Zagłębie Lubin,Pomocnik,0%,1.7,,32,GÓR (W),0,0,0,0,0,0,0,False
20,Damian Dąbrowski,Zagłębie Lubin,Pomocnik,0%,1.7,,33,POG (D),0,0,0,0,0,0,0,False
20,Damian Dąbrowski,Zagłębie Lubin,Pomocnik,0%,1.7,,34,JAG (W),0,0,0,0,0,0,0,False
21,Milan Dimun,Cracovia,Pomocnik,0%,1.7,,19,BBT (W),0,0,0,0,0,0,0,False
21,Milan Dimun,Cracovia,Pomocnik,0%,1.7,,20,LGD (W),0,0,0,0,0,0,0,False
21,Milan Dimun,Cracovia,Pomocnik,0%,1.7,,21,JAG (D),0,0,0,0,0,0,0,False
21,Milan Dimun,Cracovia,Pomocnik,0%,1.7,,22,WID (W),0,0,0,0,0,0,0,False
21,Milan Dimun,Cracovia,Pomocnik,0%,1.7,,23,PIA (D),0,0,0,0,0,0,0,False
21,Milan Dimun,Cracovia,Pomocnik,0%,1.7,,24,LEG (W),0,0,0,0,0,0,0,False
21,Milan Dimun,Cracovia,Pomocnik,0%,1.7,,25,WPŁ (D),0,0,0,0,0,0,0,False
21,Milan Dimun,Cracovia,Pomocnik,0%,1.7,,26,GKS (D),0,0,0,0,0,0,0,False
21,Milan Dimun,Cracovia,Pomocnik,0%,1.7,,27,GÓR (W),0,0,0,0,0,0,0,False
21,Milan Dimun,Cracovia,Pomocnik,0%,1.7,,28,ARK (D),0,0,0,0,0,0,0,False
21,Milan Dimun,Cracovia,Pomocnik,0%,1.7,,29,RCZ (W),0,0,0,0,0,0,0,False
21,Milan Dimun,Cracovia,Pomocnik,0%,1.7,,30,POG (D),0,0,0,0,0,0,0,False
21,Milan Dimun,Cracovia,Pomocnik,0%,1.7,,31,ZAG (W),0,0,0,0,0,0,0,False
21,Milan Dimun,Cracovia,Pomocnik,0%,1.7,,32,RAD (D),0,0,0,0,0,0,0,False
21,Milan Dimun,Cracovia,Pomocnik,0%,1.7,,33,MOT (W),0,0,0,0,0,0,0,False
21,Milan Dimun,Cracovia,Pomocnik,0%,1.7,,34,KOR (D),0,0,0,0,0,0,0,False
22,Radosław Kanach,Cracovia,Pomocnik,0%,0.9,,19,BBT (W),0,0,0,0,0,0,0,False
22,Radosław Kanach,Cracovia,Pomocnik,0%,0.9,,20,LGD (W),0,0,0,0,0,0,0,False
22,Radosław Kanach,Cracovia,Pomocnik,0%,0.9,,21,JAG (D),0,0,0,0,0,0,0,False
22,Radosław Kanach,Cracovia,Pomocnik,0%,0.9,,22,WID (W),0,0,0,0,0,0,0,False
22,Radosław Kanach,Cracovia,Pomocnik,0%,0.9,,23,PIA (D),0,0,0,0,0,0,0,False
22,Radosław Kanach,Cracovia,Pomocnik,0%,0.9,,24,LEG (W),0,0,0,0,0,0,0,False
22,Radosław Kanach,Cracovia,Pomocnik,0%,0.9,,25,WPŁ (D),0,0,0,0,0,0,0,False
22,Radosław Kanach,Cracovia,Pomocnik,0%,0.9,,26,GKS (D),0,0,0,0,0,0,0,False
22,Radosław Kanach,Cracovia,Pomocnik,0%,0.9,,27,GÓR (W),0,0,0,0,0,0,0,False
22,Radosław Kanach,Cracovia,Pomocnik,0%,0.9,,28,ARK (D),0,0,0,0,0,0,0,False
22,Radosław Kanach,Cracovia,Pomocnik,0%,0.9,,29,RCZ (W),0,0,0,0,0,0,0,False
22,Radosław Kanach,Cracovia,Pomocnik,0%,0.9,,30,POG (D),0,0,0,0,0,0,0,False
22,Radosław Kanach,Cracovia,Pomocnik,0%,0.9,,31,ZAG (W),0,0,0,0,0,0,0,False
22,Radosław Kanach,Cracovia,Pomocnik,0%,0.9,,32,RAD (D),0,0,0,0,0,0,0,False
22,Radosław Kanach,Cracovia,Pomocnik,0%,0.9,,33,MOT (W),0,0,0,0,0,0,0,False
22,Radosław Kanach,Cracovia,Pomocnik,0%,0.9,,34,KOR (D),0,0,0,0,0,0,0,False
23,Karol Niemczycki,Cracovia,Bramkarz,0%,1.9,,19,BBT (W),0,0,0,0,0,0,0,False
23,Karol Niemczycki,Cracovia,Bramkarz,0%,1.9,,20,LGD (W),0,0,0,0,0,0,0,False
23,Karol Niemczycki,Cracovia,Bramkarz,0%,1.9,,21,JAG (D),0,0,0,0,0,0,0,False
23,Karol Niemczycki,Cracovia,Bramkarz,0%,1.9,,22,WID (W),0,0,0,0,0,0,0,False
23,Karol Niemczycki,Cracovia,Bramkarz,0%,1.9,,23,PIA (D),0,0,0,0,0,0,0,False
23,Karol Niemczycki,Cracovia,Bramkarz,0%,1.9,,24,LEG (W),0,0,0,0,0,0,0,False
23,Karol Niemczycki,Cracovia,Bramkarz,0%,1.9,,25,WPŁ (D),0,0,0,0,0,0,0,False
23,Karol Niemczycki,Cracovia,Bramkarz,0%,1.9,,26,GKS (D),0,0,0,0,0,0,0,False
23,Karol Niemczycki,Cracovia,Bramkarz,0%,1.9,,27,GÓR (W),0,0,0,0,0,0,0,False
23,Karol Niemczycki,Cracovia,Bramkarz,0%,1.9,,28,ARK (D),0,0,0,0,0,0,0,False
23,Karol Niemczycki,Cracovia,Bramkarz,0%,1.9,,29,RCZ (W),0,0,0,0,0,0,0,False
23,Karol Niemczycki,Cracovia,Bramkarz,0%,1.9,,30,POG (D),0,0,0,0,0,0,0,False
23,Karol Niemczycki,Cracovia,Bramkarz,0%,1.9,,31,ZAG (W),0,0,0,0,0,0,0,False
23,Karol Niemczycki,Cracovia,Bramkarz,0%,1.9,,32,RAD (D),0,0,0,0,0,0,0,False
23,Karol Niemczycki,Cracovia,Bramkarz,0%,1.9,,33,MOT (W),0,0,0,0,0,0,0,False
23,Karol Niemczycki,Cracovia,Bramkarz,0%,1.9,,34,KOR (D),0,0,0,0,0,0,0,False
24,Anton Karaczanakow,Cracovia,Pomocnik,0%,1.8,,19,BBT (W),0,0,0,0,0,0,0,False
24,Anton Karaczanakow,Cracovia,Pomocnik,0%,1.8,,20,LGD (W),0,0,0,0,0,0,0,False
24,Anton Karaczanakow,Cracovia,Pomocnik,0%,1.8,,21,JAG (D),0,0,0,0,0,0,0,False
24,Anton Karaczanakow,Cracovia,Pomocnik,0%,1.8,,22,WID (W),0,0,0,0,0,0,0,False
24,Anton Karaczanakow,Cracovia,Pomocnik,0%,1.8,,23,PIA (D),0,0,0,0,0,0,0,False
24,Anton Karaczanakow,Cracovia,Pomocnik,0%,1.8,,24,LEG (W),0,0,0,0,0,0,0,False
24,Anton Karaczanakow,Cracovia,Pomocnik,0%,1.8,,25,WPŁ (D),0,0,0,0,0,0,0,False
24,Anton Karaczanakow,Cracovia,Pomocnik,0%,1.8,,26,GKS (D),0,0,0,0,0,0,0,False
24,Anton Karaczanakow,Cracovia,Pomocnik,0%,1.8,,27,GÓR (W),0,0,0,0,0,0,0,False
24,Anton Karaczanakow,Cracovia,Pomocnik,0%,1.8,,28,ARK (D),0,0,0,0,0,0,0,False
24,Anton Karaczanakow,Cracovia,Pomocnik,0%,1.8,,29,RCZ (W),0,0,0,0,0,0,0,False
24,Anton Karaczanakow,Cracovia,Pomocnik,0%,1.8,,30,POG (D),0,0,0,0,0,0,0,False
24,Anton Karaczanakow,Cracovia,Pomocnik,0%,1.8,,31,ZAG (W),0,0,0,0,0,0,0,False
24,Anton Karaczanakow,Cracovia,Pomocnik,0%,1.8,,32,RAD (D),0,0,0,0,0,0,0,False
24,Anton Karaczanakow,Cracovia,Pomocnik,0%,1.8,,33,MOT (W),0,0,0,0,0,0,0,False
24,Anton Karaczanakow,Cracovia,Pomocnik,0%,1.8,,34,KOR (D),0,0,0,0,0,0,0,False
25,Szymon Kiebzak,Cracovia,Pomocnik,0%,0.7,,19,BBT (W),0,0,0,0,0,0,0,False
25,Szymon Kiebzak,Cracovia,Pomocnik,0%,0.7,,20,LGD (W),0,0,0,0,0,0,0,False
25,Szymon Kiebzak,Cracovia,Pomocnik,0%,0.7,,21,JAG (D),0,0,0,0,0,0,0,False
25,Szymon Kiebzak,Cracovia,Pomocnik,0%,0.7,,22,WID (W),0,0,0,0,0,0,0,False
25,Szymon Kiebzak,Cracovia,Pomocnik,0%,0.7,,23,PIA (D),0,0,0,0,0,0,0,False
25,Szymon Kiebzak,Cracovia,Pomocnik,0%,0.7,,24,LEG (W),0,0,0,0,0,0,0,False
25,Szymon Kiebzak,Cracovia,Pomocnik,0%,0.7,,25,WPŁ (D),0,0,0,0,0,0,0,False
25,Szymon Kiebzak,Cracovia,Pomocnik,0%,0.7,,26,GKS (D),0,0,0,0,0,0,0,False
25,Szymon Kiebzak,Cracovia,Pomocnik,0%,0.7,,27,GÓR (W),0,0,0,0,0,0,0,False
25,Szymon Kiebzak,Cracovia,Pomocnik,0%,0.7,,28,ARK (D),0,0,0,0,0,0,0,False
25,Szymon Kiebzak,Cracovia,Pomocnik,0%,0.7,,29,RCZ (W),0,0,0,0,0,0,0,False
25,Szymon Kiebzak,Cracovia,Pomocnik,0%,0.7,,30,POG (D),0,0,0,0,0,0,0,False
25,Szymon Kiebzak,Cracovia,Pomocnik,0%,0.7,,31,ZAG (W),0,0,0,0,0,0,0,False
25,Szymon Kiebzak,Cracovia,Pomocnik,0%,0.7,,32,RAD (D),0,0,0,0,0,0,0,False
25,Szymon Kiebzak,Cracovia,Pomocnik,0%,0.7,,33,MOT (W),0,0,0,0,0,0,0,False
25,Szymon Kiebzak,Cracovia,Pomocnik,0%,0.7,,34,KOR (D),0,0,0,0,0,0,0,False
26,Przemysław Pyrdek,Cracovia,Pomocnik,0%,0.7,,19,BBT (W),0,0,0,0,0,0,0,False
26,Przemysław Pyrdek,Cracovia,Pomocnik,0%,0.7,,20,LGD (W),0,0,0,0,0,0,0,False
26,Przemysław Pyrdek,Cracovia,Pomocnik,0%,0.7,,21,JAG (D),0,0,0,0,0,0,0,False
26,Przemysław Pyrdek,Cracovia,Pomocnik,0%,0.7,,22,WID (W),0,0,0,0,0,0,0,False
26,Przemysław Pyrdek,Cracovia,Pomocnik,0%,0.7,,23,PIA (D),0,0,0,0,0,0,0,False
26,Przemysław Pyrdek,Cracovia,Pomocnik,0%,0.7,,24,LEG (W),0,0,0,0,0,0,0,False
26,Przemysław Pyrdek,Cracovia,Pomocnik,0%,0.7,,25,WPŁ (D),0,0,0,0,0,0,0,False
26,Przemysław Pyrdek,Cracovia,Pomocnik,0%,0.7,,26,GKS (D),0,0,0,0,0,0,0,False
26,Przemysław Pyrdek,Cracovia,Pomocnik,0%,0.7,,27,GÓR (W),0,0,0,0,0,0,0,False
26,Przemysław Pyrdek,Cracovia,Pomocnik,0%,0.7,,28,ARK (D),0,0,0,0,0,0,0,False
26,Przemysław Pyrdek,Cracovia,Pomocnik,0%,0.7,,29,RCZ (W),0,0,0,0,0,0,0,False
26,Przemysław Pyrdek,Cracovia,Pomocnik,0%,0.7,,30,POG (D),0,0,0,0,0,0,0,False
26,Przemysław Pyrdek,Cracovia,Pomocnik,0%,0.7,,31,ZAG (W),0,0,0,0,0,0,0,False
26,Przemysław Pyrdek,Cracovia,Pomocnik,0%,0.7,,32,RAD (D),0,0,0,0,0,0,0,False
26,Przemysław Pyrdek,Cracovia,Pomocnik,0%,0.7,,33,MOT (W),0,0,0,0,0,0,0,False
26,Przemysław Pyrdek,Cracovia,Pomocnik,0%,0.7,,34,KOR (D),0,0,0,0,0,0,0,False
27,Sebastian Steblecki,Cracovia,Pomocnik,0%,1.3,,19,BBT (W),0,0,0,0,0,0,0,False
27,Sebastian Steblecki,Cracovia,Pomocnik,0%,1.3,,20,LGD (W),0,0,0,0,0,0,0,False
27,Sebastian Steblecki,Cracovia,Pomocnik,0%,1.3,,21,JAG (D),0,0,0,0,0,0,0,False
27,Sebastian Steblecki,Cracovia,Pomocnik,0%,1.3,,22,WID (W),0,0,0,0,0,0,0,False
27,Sebastian Steblecki,Cracovia,Pomocnik,0%,1.3,,23,PIA (D),0,0,0,0,0,0,0,False
27,Sebastian Steblecki,Cracovia,Pomocnik,0%,1.3,,24,LEG (W),0,0,0,0,0,0,0,False
27,Sebastian Steblecki,Cracovia,Pomocnik,0%,1.3,,25,WPŁ (D),0,0,0,0,0,0,0,False
27,Sebastian Steblecki,Cracovia,Pomocnik,0%,1.3,,26,GKS (D),0,0,0,0,0,0,0,False
27,Sebastian Steblecki,Cracovia,Pomocnik,0%,1.3,,27,GÓR (W),0,0,0,0,0,0,0,False
27,Sebastian Steblecki,Cracovia,Pomocnik,0%,1.3,,28,ARK (D),0,0,0,0,0,0,0,False
27,Sebastian Steblecki,Cracovia,Pomocnik,0%,1.3,,29,RCZ (W),0,0,0,0,0,0,0,False
27,Sebastian Steblecki,Cracovia,Pomocnik,0%,1.3,,30,POG (D),0,0,0,0,0,0,0,False
27,Sebastian Steblecki,Cracovia,Pomocnik,0%,1.3,,31,ZAG (W),0,0,0,0,0,0,0,False
27,Sebastian Steblecki,Cracovia,Pomocnik,0%,1.3,,32,RAD (D),0,0,0,0,0,0,0,False
27,Sebastian Steblecki,Cracovia,Pomocnik,0%,1.3,,33,MOT (W),0,0,0,0,0,0,0,False
27,Sebastian Steblecki,Cracovia,Pomocnik,0%,1.3,,34,KOR (D),0,0,0,0,0,0,0,False
29,Erik Jendrišek,Cracovia,Napastnik,0%,1.9,,19,BBT (W),0,0,0,0,0,0,0,False
29,Erik Jendrišek,Cracovia,Napastnik,0%,1.9,,20,LGD (W),0,0,0,0,0,0,0,False
29,Erik Jendrišek,Cracovia,Napastnik,0%,1.9,,21,JAG (D),0,0,0,0,0,0,0,False
29,Erik Jendrišek,Cracovia,Napastnik,0%,1.9,,22,WID (W),0,0,0,0,0,0,0,False
29,Erik Jendrišek,Cracovia,Napastnik,0%,1.9,,23,PIA (D),0,0,0,0,0,0,0,False
29,Erik Jendrišek,Cracovia,Napastnik,0%,1.9,,24,LEG (W),0,0,0,0,0,0,0,False
29,Erik Jendrišek,Cracovia,Napastnik,0%,1.9,,25,WPŁ (D),0,0,0,0,0,0,0,False
29,Erik Jendrišek,Cracovia,Napastnik,0%,1.9,,26,GKS (D),0,0,0,0,0,0,0,False
29,Erik Jendrišek,Cracovia,Napastnik,0%,1.9,,27,GÓR (W),0,0,0,0,0,0,0,False
29,Erik Jendrišek,Cracovia,Napastnik,0%,1.9,,28,ARK (D),0,0,0,0,0,0,0,False
29,Erik Jendrišek,Cracovia,Napastnik,0%,1.9,,29,RCZ (W),0,0,0,0,0,0,0,False
29,Erik Jendrišek,Cracovia,Napastnik,0%,1.9,,30,POG (D),0,0,0,0,0,0,0,False
29,Erik Jendrišek,Cracovia,Napastnik,0%,1.9,,31,ZAG (W),0,0,0,0,0,0,0,False
29,Erik Jendrišek,Cracovia,Napastnik,0%,1.9,,32,RAD (D),0,0,0,0,0,0,0,False
29,Erik Jendrišek,Cracovia,Napastnik,0%,1.9,,33,MOT (W),0,0,0,0,0,0,0,False
29,Erik Jendrišek,Cracovia,Napastnik,0%,1.9,,34,KOR (D),0,0,0,0,0,0,0,False
30,Krzysztof Szewczyk,Cracovia,Napastnik,0%,1.5,,19,BBT (W),0,0,0,0,0,0,0,False
30,Krzysztof Szewczyk,Cracovia,Napastnik,0%,1.5,,20,LGD (W),0,0,0,0,0,0,0,False
30,Krzysztof Szewczyk,Cracovia,Napastnik,0%,1.5,,21,JAG (D),0,0,0,0,0,0,0,False
30,Krzysztof Szewczyk,Cracovia,Napastnik,0%,1.5,,22,WID (W),0,0,0,0,0,0,0,False
30,Krzysztof Szewczyk,Cracovia,Napastnik,0%,1.5,,23,PIA (D),0,0,0,0,0,0,0,False
30,Krzysztof Szewczyk,Cracovia,Napastnik,0%,1.5,,24,LEG (W),0,0,0,0,0,0,0,False
30,Krzysztof Szewczyk,Cracovia,Napastnik,0%,1.5,,25,WPŁ (D),0,0,0,0,0,0,0,False
30,Krzysztof Szewczyk,Cracovia,Napastnik,0%,1.5,,26,GKS (D),0,0,0,0,0,0,0,False
30,Krzysztof Szewczyk,Cracovia,Napastnik,0%,1.5,,27,GÓR (W),0,0,0,0,0,0,0,False
30,Krzysztof Szewczyk,Cracovia,Napastnik,0%,1.5,,28,ARK (D),0,0,0,0,0,0,0,False
30,Krzysztof Szewczyk,Cracovia,Napastnik,0%,1.5,,29,RCZ (W),0,0,0,0,0,0,0,False
30,Krzysztof Szewczyk,Cracovia,Napastnik,0%,1.5,,30,POG (D),0,0,0,0,0,0,0,False
30,Krzysztof Szewczyk,Cracovia,Napastnik,0%,1.5,,31,ZAG (W),0,0,0,0,0,0,0,False
30,Krzysztof Szewczyk,Cracovia,Napastnik,0%,1.5,,32,RAD (D),0,0,0,0,0,0,0,False
30,Krzysztof Szewczyk,Cracovia,Napastnik,0%,1.5,,33,MOT (W),0,0,0,0,0,0,0,False
30,Krzysztof Szewczyk,Cracovia,Napastnik,0%,1.5,,34,KOR (D),0,0,0,0,0,0,0,False
31,Tomáš Vestenický,Cracovia,Pomocnik,0%,1.7,,19,BBT (W),0,0,0,0,0,0,0,False
31,Tomáš Vestenický,Cracovia,Pomocnik,0%,1.7,,20,LGD (W),0,0,0,0,0,0,0,False
31,Tomáš Vestenický,Cracovia,Pomocnik,0%,1.7,,21,JAG (D),0,0,0,0,0,0,0,False
31,Tomáš Vestenický,Cracovia,Pomocnik,0%,1.7,,22,WID (W),0,0,0,0,0,0,0,False
31,Tomáš Vestenický,Cracovia,Pomocnik,0%,1.7,,23,PIA (D),0,0,0,0,0,0,0,False
31,Tomáš Vestenický,Cracovia,Pomocnik,0%,1.7,,24,LEG (W),0,0,0,0,0,0,0,False
31,Tomáš Vestenický,Cracovia,Pomocnik,0%,1.7,,25,WPŁ (D),0,0,0,0,0,0,0,False
31,Tomáš Vestenický,Cracovia,Pomocnik,0%,1.7,,26,GKS (D),0,0,0,0,0,0,0,False
31,Tomáš Vestenický,Cracovia,Pomocnik,0%,1.7,,27,GÓR (W),0,0,0,0,0,0,0,False
31,Tomáš Vestenický,Cracovia,Pomocnik,0%,1.7,,28,ARK (D),0,0,0,0,0,0,0,False
31,Tomáš Vestenický,Cracovia,Pomocnik,0%,1.7,,29,RCZ (W),0,0,0,0,0,0,0,False
31,Tomáš Vestenický,Cracovia,Pomocnik,0%,1.7,,30,POG (D),0,0,0,0,0,0,0,False
31,Tomáš Vestenický,Cracovia,Pomocnik,0%,1.7,,31,ZAG (W),0,0,0,0,0,0,0,False
31,Tomáš Vestenický,Cracovia,Pomocnik,0%,1.7,,32,RAD (D),0,0,0,0,0,0,0,False
31,Tomáš Vestenický,Cracovia,Pomocnik,0%,1.7,,33,MOT (W),0,0,0,0,0,0,0,False
31,Tomáš Vestenický,Cracovia,Pomocnik,0%,1.7,,34,KOR (D),0,0,0,0,0,0,0,False
32,Karol Jaksik,Górnik Zabrze,Obrońca,0%,0.7,,19,PIA (D),0,0,0,0,0,0,0,False
32,Karol Jaksik,Górnik Zabrze,Obrońca,0%,0.7,,20,LPO (D),0,0,0,0,0,0,0,False
32,Karol Jaksik,Górnik Zabrze,Obrońca,0%,0.7,,21,BBT (W),0,0,0,0,0,0,0,False
32,Karol Jaksik,Górnik Zabrze,Obrońca,0%,0.7,,22,POG (D),0,0,0,0,0,0,0,False
32,Karol Jaksik,Górnik Zabrze,Obrońca,0%,0.7,,23,GKS (W),0,0,0,0,0,0,0,False
32,Karol Jaksik,Górnik Zabrze,Obrońca,0%,0.7,,24,MOT (W),0,0,0,0,0,0,0,False
32,Karol Jaksik,Górnik Zabrze,Obrońca,0%,0.7,,25,RCZ (D),0,0,0,0,0,0,0,False
32,Karol Jaksik,Górnik Zabrze,Obrońca,0%,0.7,,26,WID (W),0,0,0,0,0,0,0,False
32,Karol Jaksik,Górnik Zabrze,Obrońca,0%,0.7,,27,CRA (D),0,0,0,0,0,0,0,False
32,Karol Jaksik,Górnik Zabrze,Obrońca,0%,0.7,,28,LEG (W),0,0,0,0,0,0,0,False
32,Karol Jaksik,Górnik Zabrze,Obrońca,0%,0.7,,29,KOR (D),0,0,0,0,0,0,0,False
32,Karol Jaksik,Górnik Zabrze,Obrońca,0%,0.7,,30,JAG (W),0,0,0,0,0,0,0,False
32,Karol Jaksik,Górnik Zabrze,Obrońca,0%,0.7,,31,ARK (W),0,0,0,0,0,0,0,False
32,Karol Jaksik,Górnik Zabrze,Obrońca,0%,0.7,,32,ZAG (D),0,0,0,0,0,0,0,False
32,Karol Jaksik,Górnik Zabrze,Obrońca,0%,0.7,,33,WPŁ (W),0,0,0,0,0,0,0,False
32,Karol Jaksik,Górnik Zabrze,Obrońca,0%,0.7,,34,RAD (D),0,0,0,0,0,0,0,False
37,Damian Jakubik,Radomiak Radom,Obrońca,0%,1.7,,19,ARK (D),0,0,0,0,0,0,0,False
37,Damian Jakubik,Radomiak Radom,Obrońca,0%,1.7,,20,RCZ (W),0,0,0,0,0,0,0,False
37,Damian Jakubik,Radomiak Radom,Obrońca,0%,1.7,,21,KOR (D),0,0,0,0,0,0,0,False
37,Damian Jakubik,Radomiak Radom,Obrońca,0%,1.7,,22,JAG (W),0,0,0,0,0,0,0,False
37,Damian Jakubik,Radomiak Radom,Obrońca,0%,1.7,,23,BBT (W),0,0,0,0,0,0,0,False
37,Damian Jakubik,Radomiak Radom,Obrońca,0%,1.7,,24,GKS (D),0,0,0,0,0,0,0,False
37,Damian Jakubik,Radomiak Radom,Obrońca,0%,1.7,,25,LEG (D),0,0,0,0,0,0,0,False
37,Damian Jakubik,Radomiak Radom,Obrońca,0%,1.7,,26,PIA (W),0,0,0,0,0,0,0,False
37,Damian Jakubik,Radomiak Radom,Obrońca,0%,1.7,,27,MOT (D),0,0,0,0,0,0,0,False
37,Damian Jakubik,Radomiak Radom,Obrońca,0%,1.7,,28,ZAG (W),0,0,0,0,0,0,0,False
37,Damian Jakubik,Radomiak Radom,Obrońca,0%,1.7,,29,WID (D),0,0,0,0,0,0,0,False
37,Damian Jakubik,Radomiak Radom,Obrońca,0%,1.7,,30,WPŁ (W),0,0,0,0,0,0,0,False
37,Damian Jakubik,Radomiak Radom,Obrońca,0%,1.7,,31,LGD (D),0,0,0,0,0,0,0,False
37,Damian Jakubik,Radomiak Radom,Obrońca,0%,1.7,,32,CRA (W),0,0,0,0,0,0,0,False
37,Damian Jakubik,Radomiak Radom,Obrońca,0%,1.7,,33,LPO (D),0,0,0,0,0,0,0,False
37,Damian Jakubik,Radomiak Radom,Obrońca,0%,1.7,,34,GÓR (W),0,0,0,0,0,0,0,False
47,Grzegorz Piesio,Arka Gdynia,Pomocnik,0%,1.7,,19,RAD (W),0,0,0,0,0,0,0,False
47,Grzegorz Piesio,Arka Gdynia,Pomocnik,0%,1.7,,20,LEG (D),0,0,0,0,0,0,0,False
47,Grzegorz Piesio,Arka Gdynia,Pomocnik,0%,1.7,,21,POG (W),0,0,0,0,0,0,0,False
47,Grzegorz Piesio,Arka Gdynia,Pomocnik,0%,1.7,,22,GKS (D),0,0,0,0,0,0,0,False
47,Grzegorz Piesio,Arka Gdynia,Pomocnik,0%,1.7,,23,LGD (D),0,0,0,0,0,0,0,False
47,Grzegorz Piesio,Arka Gdynia,Pomocnik,0%,1.7,,24,WPŁ (W),0,0,0,0,0,0,0,False
47,Grzegorz Piesio,Arka Gdynia,Pomocnik,0%,1.7,,25,WID (D),0,0,0,0,0,0,0,False
47,Grzegorz Piesio,Arka Gdynia,Pomocnik,0%,1.7,,26,KOR (W),0,0,0,0,0,0,0,False
47,Grzegorz Piesio,Arka Gdynia,Pomocnik,0%,1.7,,27,ZAG (D),0,0,0,0,0,0,0,False
47,Grzegorz Piesio,Arka Gdynia,Pomocnik,0%,1.7,,28,CRA (W),0,0,0,0,0,0,0,False
47,Grzegorz Piesio,Arka Gdynia,Pomocnik,0%,1.7,,29,JAG (D),0,0,0,0,0,0,0,False
47,Grzegorz Piesio,Arka Gdynia,Pomocnik,0%,1.7,,30,PIA (W),0,0,0,0,0,0,0,False
47,Grzegorz Piesio,Arka Gdynia,Pomocnik,0%,1.7,,31,GÓR (D),0,0,0,0,0,0,0,False
47,Grzegorz Piesio,Arka Gdynia,Pomocnik,0%,1.7,,32,LPO (W),0,0,0,0,0,0,0,False
47,Grzegorz Piesio,Arka Gdynia,Pomocnik,0%,1.7,,33,BBT (D),0,0,0,0,0,0,0,False
47,Grzegorz Piesio,Arka Gdynia,Pomocnik,0%,1.7,,34,RCZ (W),0,0,0,0,0,0,0,False
53,Bartosz Śpiączka,Wisła Płock,Napastnik,0%,1.9,,19,RCZ (D),0,0,0,0,0,0,0,False
53,Bartosz Śpiączka,Wisła Płock,Napastnik,0%,1.9,,20,PIA (W),0,0,0,0,0,0,0,False
53,Bartosz Śpiączka,Wisła Płock,Napastnik,0%,1.9,,21,WID (D),0,0,0,0,0,0,0,False
53,Bartosz Śpiączka,Wisła Płock,Napastnik,0%,1.9,,22,LEG (W),0,0,0,0,0,0,0,False
53,Bartosz Śpiączka,Wisła Płock,Napastnik,0%,1.9,,23,ZAG (W),0,0,0,0,0,0,0,False
53,Bartosz Śpiączka,Wisła Płock,Napastnik,0%,1.9,,24,ARK (D),0,0,0,0,0,0,0,False
53,Bartosz Śpiączka,Wisła Płock,Napastnik,0%,1.9,,25,CRA (W),0,0,0,0,0,0,0,False
53,Bartosz Śpiączka,Wisła Płock,Napastnik,0%,1.9,,26,JAG (W),0,0,0,0,0,0,0,False
53,Bartosz Śpiączka,Wisła Płock,Napastnik,0%,1.9,,27,GKS (W),0,0,0,0,0,0,0,False
53,Bartosz Śpiączka,Wisła Płock,Napastnik,0%,1.9,,28,LGD (D),0,0,0,0,0,0,0,False
53,Bartosz Śpiączka,Wisła Płock,Napastnik,0%,1.9,,29,BBT (W),0,0,0,0,0,0,0,False
53,Bartosz Śpiączka,Wisła Płock,Napastnik,0%,1.9,,30,RAD (D),0,0,0,0,0,0,0,False
53,Bartosz Śpiączka,Wisła Płock,Napastnik,0%,1.9,,31,POG (W),0,0,0,0,0,0,0,False
53,Bartosz Śpiączka,Wisła Płock,Napastnik,0%,1.9,,32,MOT (D),0,0,0,0,0,0,0,False
53,Bartosz Śpiączka,Wisła Płock,Napastnik,0%,1.9,,33,GÓR (D),0,0,0,0,0,0,0,False
53,Bartosz Śpiączka,Wisła Płock,Napastnik,0%,1.9,,34,LPO (W),0,0,0,0,0,0,0,False
55,Krševan Santini,Jagiellonia Białystok,Bramkarz,0%,2.0,,19,WID (W),0,0,0,0,0,0,0,False
55,Krševan Santini,Jagiellonia Białystok,Bramkarz,0%,2.0,,19,GKS (D),0,0,0,0,0,0,0,False
55,Krševan Santini,Jagiellonia Białystok,Bramkarz,0%,2.0,,20,MOT (D),0,0,0,0,0,0,0,False
55,Krševan Santini,Jagiellonia Białystok,Bramkarz,0%,2.0,,21,CRA (W),0,0,0,0,0,0,0,False
55,Krševan Santini,Jagiellonia Białystok,Bramkarz,0%,2.0,,22,RAD (D),0,0,0,0,0,0,0,False
55,Krševan Santini,Jagiellonia Białystok,Bramkarz,0%,2.0,,23,LEG (D),0,0,0,0,0,0,0,False
55,Krševan Santini,Jagiellonia Białystok,Bramkarz,0%,2.0,,24,LGD (W),0,0,0,0,0,0,0,False
55,Krševan Santini,Jagiellonia Białystok,Bramkarz,0%,2.0,,25,PIA (D),0,0,0,0,0,0,0,False
55,Krševan Santini,Jagiellonia Białystok,Bramkarz,0%,2.0,,26,WPŁ (D),0,0,0,0,0,0,0,False
55,Krševan Santini,Jagiellonia Białystok,Bramkarz,0%,2.0,,27,LPO (D),0,0,0,0,0,0,0,False
55,Krševan Santini,Jagiellonia Białystok,Bramkarz,0%,2.0,,28,KOR (W),0,0,0,0,0,0,0,False
55,Krševan Santini,Jagiellonia Białystok,Bramkarz,0%,2.0,,29,ARK (W),0,0,0,0,0,0,0,False
55,Krševan Santini,Jagiellonia Białystok,Bramkarz,0%,2.0,,30,GÓR (D),0,0,0,0,0,0,0,False
55,Krševan Santini,Jagiellonia Białystok,Bramkarz,0%,2.0,,31,RCZ (W),0,0,0,0,0,0,0,False
55,Krševan Santini,Jagiellonia Białystok,Bramkarz,0%,2.0,,32,POG (D),0,0,0,0,0,0,0,False
55,Krševan Santini,Jagiellonia Białystok,Bramkarz,0%,2.0,,33,GKS (W),0,0,0,0,0,0,0,False
55,Krševan Santini,Jagiellonia Białystok,Bramkarz,0%,2.0,,34,ZAG (D),0,0,0,0,0,0,0,False
56,Marián Kelemen,Jagiellonia Białystok,Bramkarz,0%,2.1,,19,WID (W),0,0,0,0,0,0,0,False
56,Marián Kelemen,Jagiellonia Białystok,Bramkarz,0%,2.1,,19,GKS (D),0,0,0,0,0,0,0,False
56,Marián Kelemen,Jagiellonia Białystok,Bramkarz,0%,2.1,,20,MOT (D),0,0,0,0,0,0,0,False
56,Marián Kelemen,Jagiellonia Białystok,Bramkarz,0%,2.1,,21,CRA (W),0,0,0,0,0,0,0,False
56,Marián Kelemen,Jagiellonia Białystok,Bramkarz,0%,2.1,,22,RAD (D),0,0,0,0,0,0,0,False
56,Marián Kelemen,Jagiellonia Białystok,Bramkarz,0%,2.1,,23,LEG (D),0,0,0,0,0,0,0,False
56,Marián Kelemen,Jagiellonia Białystok,Bramkarz,0%,2.1,,24,LGD (W),0,0,0,0,0,0,0,False
56,Marián Kelemen,Jagiellonia Białystok,Bramkarz,0%,2.1,,25,PIA (D),0,0,0,0,0,0,0,False
56,Marián Kelemen,Jagiellonia Białystok,Bramkarz,0%,2.1,,26,WPŁ (D),0,0,0,0,0,0,0,False
56,Marián Kelemen,Jagiellonia Białystok,Bramkarz,0%,2.1,,27,LPO (D),0,0,0,0,0,0,0,False
56,Marián Kelemen,Jagiellonia Białystok,Bramkarz,0%,2.1,,28,KOR (W),0,0,0,0,0,0,0,False
56,Marián Kelemen,Jagiellonia Białystok,Bramkarz,0%,2.1,,29,ARK (W),0,0,0,0,0,0,0,False
56,Marián Kelemen,Jagiellonia Białystok,Bramkarz,0%,2.1,,30,GÓR (D),0,0,0,0,0,0,0,False
56,Marián Kelemen,Jagiellonia Białystok,Bramkarz,0%,2.1,,31,RCZ (W),0,0,0,0,0,0,0,False
56,Marián Kelemen,Jagiellonia Białystok,Bramkarz,0%,2.1,,32,POG (D),0,0,0,0,0,0,0,False
56,Marián Kelemen,Jagiellonia Białystok,Bramkarz,0%,2.1,,33,GKS (W),0,0,0,0,0,0,0,False
56,Marián Kelemen,Jagiellonia Białystok,Bramkarz,0%,2.1,,34,ZAG (D),0,0,0,0,0,0,0,False
57,Damian Węglarz,Arka Gdynia,Bramkarz,1%,1.8,,19,RAD (W),0,0,0,0,0,0,0,False
57,Damian Węglarz,Arka Gdynia,Bramkarz,1%,1.8,,20,LEG (D),90,0,0,5,0,0,2,True
57,Damian Węglarz,Arka Gdynia,Bramkarz,1%,1.8,,21,POG (W),90,0,0,3,0,0,3,True
57,Damian Węglarz,Arka Gdynia,Bramkarz,1%,1.8,,22,GKS (D),0,0,0,0,0,0,0,False
57,Damian Węglarz,Arka Gdynia,Bramkarz,1%,1.8,,23,LGD (D),0,0,0,0,0,0,0,False
57,Damian Węglarz,Arka Gdynia,Bramkarz,1%,1.8,,24,WPŁ (W),0,0,0,0,0,0,0,False
57,Damian Węglarz,Arka Gdynia,Bramkarz,1%,1.8,,25,WID (D),0,0,0,0,0,0,0,False
57,Damian Węglarz,Arka Gdynia,Bramkarz,1%,1.8,,26,KOR (W),0,0,0,0,0,0,0,False
57,Damian Węglarz,Arka Gdynia,Bramkarz,1%,1.8,,27,ZAG (D),0,0,0,0,0,0,0,False
57,Damian Węglarz,Arka Gdynia,Bramkarz,1%,1.8,,28,CRA (W),0,0,0,0,0,0,0,False
57,Damian Węglarz,Arka Gdynia,Bramkarz,1%,1.8,,29,JAG (D),0,0,0,0,0,0,0,False
57,Damian Węglarz,Arka Gdynia,Bramkarz,1%,1.8,,30,PIA (W),0,0,0,0,0,0,0,False
57,Damian Węglarz,Arka Gdynia,Bramkarz,1%,1.8,,31,GÓR (D),0,0,0,0,0,0,0,False
57,Damian Węglarz,Arka Gdynia,Bramkarz,1%,1.8,,32,LPO (W),0,0,0,0,0,0,0,False
57,Damian Węglarz,Arka Gdynia,Bramkarz,1%,1.8,,33,BBT (D),0,0,0,0,0,0,0,False
57,Damian Węglarz,Arka Gdynia,Bramkarz,1%,1.8,,34,RCZ (W),0,0,0,0,0,0,0,False
59,Guti,Jagiellonia Białystok,Obrońca,0%,2.1,,19,WID (W),0,0,0,0,0,0,0,False
59,Guti,Jagiellonia Białystok,Obrońca,0%,2.1,,19,GKS (D),0,0,0,0,0,0,0,False
59,Guti,Jagiellonia Białystok,Obrońca,0%,2.1,,20,MOT (D),0,0,0,0,0,0,0,False
59,Guti,Jagiellonia Białystok,Obrońca,0%,2.1,,21,CRA (W),0,0,0,0,0,0,0,False
59,Guti,Jagiellonia Białystok,Obrońca,0%,2.1,,22,RAD (D),0,0,0,0,0,0,0,False
59,Guti,Jagiellonia Białystok,Obrońca,0%,2.1,,23,LEG (D),0,0,0,0,0,0,0,False
59,Guti,Jagiellonia Białystok,Obrońca,0%,2.1,,24,LGD (W),0,0,0,0,0,0,0,False
59,Guti,Jagiellonia Białystok,Obrońca,0%,2.1,,25,PIA (D),0,0,0,0,0,0,0,False
59,Guti,Jagiellonia Białystok,Obrońca,0%,2.1,,26,WPŁ (D),0,0,0,0,0,0,0,False
59,Guti,Jagiellonia Białystok,Obrońca,0%,2.1,,27,LPO (D),0,0,0,0,0,0,0,False
59,Guti,Jagiellonia Białystok,Obrońca,0%,2.1,,28,KOR (W),0,0,0,0,0,0,0,False
59,Guti,Jagiellonia Białystok,Obrońca,0%,2.1,,29,ARK (W),0,0,0,0,0,0,0,False
59,Guti,Jagiellonia Białystok,Obrońca,0%,2.1,,30,GÓR (D),0,0,0,0,0,0,0,False
59,Guti,Jagiellonia Białystok,Obrońca,0%,2.1,,31,RCZ (W),0,0,0,0,0,0,0,False
59,Guti,Jagiellonia Białystok,Obrońca,0%,2.1,,32,POG (D),0,0,0,0,0,0,0,False
59,Guti,Jagiellonia Białystok,Obrońca,0%,2.1,,33,GKS (W),0,0,0,0,0,0,0,False
59,Guti,Jagiellonia Białystok,Obrońca,0%,2.1,,34,ZAG (D),0,0,0,0,0,0,0,False
60,Michał Koźlik,Jagiellonia Białystok,Obrońca,0%,0.7,,19,WID (W),0,0,0,0,0,0,0,False
60,Michał Koźlik,Jagiellonia Białystok,Obrońca,0%,0.7,,19,GKS (D),0,0,0,0,0,0,0,False
60,Michał Koźlik,Jagiellonia Białystok,Obrońca,0%,0.7,,20,MOT (D),0,0,0,0,0,0,0,False
60,Michał Koźlik,Jagiellonia Białystok,Obrońca,0%,0.7,,21,CRA (W),0,0,0,0,0,0,0,False
60,Michał Koźlik,Jagiellonia Białystok,Obrońca,0%,0.7,,22,RAD (D),0,0,0,0,0,0,0,False
60,Michał Koźlik,Jagiellonia Białystok,Obrońca,0%,0.7,,23,LEG (D),0,0,0,0,0,0,0,False
60,Michał Koźlik,Jagiellonia Białystok,Obrońca,0%,0.7,,24,LGD (W),0,0,0,0,0,0,0,False
60,Michał Koźlik,Jagiellonia Białystok,Obrońca,0%,0.7,,25,PIA (D),0,0,0,0,0,0,0,False
60,Michał Koźlik,Jagiellonia Białystok,Obrońca,0%,0.7,,26,WPŁ (D),0,0,0,0,0,0,0,False
60,Michał Koźlik,Jagiellonia Białystok,Obrońca,0%,0.7,,27,LPO (D),0,0,0,0,0,0,0,False
60,Michał Koźlik,Jagiellonia Białystok,Obrońca,0%,0.7,,28,KOR (W),0,0,0,0,0,0,0,False
60,Michał Koźlik,Jagiellonia Białystok,Obrońca,0%,0.7,,29,ARK (W),0,0,0,0,0,0,0,False
60,Michał Koźlik,Jagiellonia Białystok,Obrońca,0%,0.7,,30,GÓR (D),0,0,0,0,0,0,0,False
60,Michał Koźlik,Jagiellonia Białystok,Obrońca,0%,0.7,,31,RCZ (W),0,0,0,0,0,0,0,False
60,Michał Koźlik,Jagiellonia Białystok,Obrońca,0%,0.7,,32,POG (D),0,0,0,0,0,0,0,False
60,Michał Koźlik,Jagiellonia Białystok,Obrońca,0%,0.7,,33,GKS (W),0,0,0,0,0,0,0,False
60,Michał Koźlik,Jagiellonia Białystok,Obrońca,0%,0.7,,34,ZAG (D),0,0,0,0,0,0,0,False
61,Emil Łupiński,Jagiellonia Białystok,Obrońca,0%,0.7,,19,WID (W),0,0,0,0,0,0,0,False
61,Emil Łupiński,Jagiellonia Białystok,Obrońca,0%,0.7,,19,GKS (D),0,0,0,0,0,0,0,False
61,Emil Łupiński,Jagiellonia Białystok,Obrońca,0%,0.7,,20,MOT (D),0,0,0,0,0,0,0,False
61,Emil Łupiński,Jagiellonia Białystok,Obrońca,0%,0.7,,21,CRA (W),0,0,0,0,0,0,0,False
61,Emil Łupiński,Jagiellonia Białystok,Obrońca,0%,0.7,,22,RAD (D),0,0,0,0,0,0,0,False
61,Emil Łupiński,Jagiellonia Białystok,Obrońca,0%,0.7,,23,LEG (D),0,0,0,0,0,0,0,False
61,Emil Łupiński,Jagiellonia Białystok,Obrońca,0%,0.7,,24,LGD (W),0,0,0,0,0,0,0,False
61,Emil Łupiński,Jagiellonia Białystok,Obrońca,0%,0.7,,25,PIA (D),0,0,0,0,0,0,0,False
61,Emil Łupiński,Jagiellonia Białystok,Obrońca,0%,0.7,,26,WPŁ (D),0,0,0,0,0,0,0,False
61,Emil Łupiński,Jagiellonia Białystok,Obrońca,0%,0.7,,27,LPO (D),0,0,0,0,0,0,0,False
61,Emil Łupiński,Jagiellonia Białystok,Obrońca,0%,0.7,,28,KOR (W),0,0,0,0,0,0,0,False
61,Emil Łupiński,Jagiellonia Białystok,Obrońca,0%,0.7,,29,ARK (W),0,0,0,0,0,0,0,False
61,Emil Łupiński,Jagiellonia Białystok,Obrońca,0%,0.7,,30,GÓR (D),0,0,0,0,0,0,0,False
61,Emil Łupiński,Jagiellonia Białystok,Obrońca,0%,0.7,,31,RCZ (W),0,0,0,0,0,0,0,False
61,Emil Łupiński,Jagiellonia Białystok,Obrońca,0%,0.7,,32,POG (D),0,0,0,0,0,0,0,False
61,Emil Łupiński,Jagiellonia Białystok,Obrońca,0%,0.7,,33,GKS (W),0,0,0,0,0,0,0,False
61,Emil Łupiński,Jagiellonia Białystok,Obrońca,0%,0.7,,34,ZAG (D),0,0,0,0,0,0,0,False
62,Mateusz Maliszewski,Jagiellonia Białystok,Obrońca,0%,0.7,,19,WID (W),0,0,0,0,0,0,0,False
62,Mateusz Maliszewski,Jagiellonia Białystok,Obrońca,0%,0.7,,19,GKS (D),0,0,0,0,0,0,0,False
62,Mateusz Maliszewski,Jagiellonia Białystok,Obrońca,0%,0.7,,20,MOT (D),0,0,0,0,0,0,0,False
62,Mateusz Maliszewski,Jagiellonia Białystok,Obrońca,0%,0.7,,21,CRA (W),0,0,0,0,0,0,0,False
62,Mateusz Maliszewski,Jagiellonia Białystok,Obrońca,0%,0.7,,22,RAD (D),0,0,0,0,0,0,0,False
62,Mateusz Maliszewski,Jagiellonia Białystok,Obrońca,0%,0.7,,23,LEG (D),0,0,0,0,0,0,0,False
62,Mateusz Maliszewski,Jagiellonia Białystok,Obrońca,0%,0.7,,24,LGD (W),0,0,0,0,0,0,0,False
62,Mateusz Maliszewski,Jagiellonia Białystok,Obrońca,0%,0.7,,25,PIA (D),0,0,0,0,0,0,0,False
62,Mateusz Maliszewski,Jagiellonia Białystok,Obrońca,0%,0.7,,26,WPŁ (D),0,0,0,0,0,0,0,False
62,Mateusz Maliszewski,Jagiellonia Białystok,Obrońca,0%,0.7,,27,LPO (D),0,0,0,0,0,0,0,False
62,Mateusz Maliszewski,Jagiellonia Białystok,Obrońca,0%,0.7,,28,KOR (W),0,0,0,0,0,0,0,False
62,Mateusz Maliszewski,Jagiellonia Białystok,Obrońca,0%,0.7,,29,ARK (W),0,0,0,0,0,0,0,False
62,Mateusz Maliszewski,Jagiellonia Białystok,Obrońca,0%,0.7,,30,GÓR (D),0,0,0,0,0,0,0,False
62,Mateusz Maliszewski,Jagiellonia Białystok,Obrońca,0%,0.7,,31,RCZ (W),0,0,0,0,0,0,0,False
62,Mateusz Maliszewski,Jagiellonia Białystok,Obrońca,0%,0.7,,32,POG (D),0,0,0,0,0,0,0,False
62,Mateusz Maliszewski,Jagiellonia Białystok,Obrońca,0%,0.7,,33,GKS (W),0,0,0,0,0,0,0,False
62,Mateusz Maliszewski,Jagiellonia Białystok,Obrońca,0%,0.7,,34,ZAG (D),0,0,0,0,0,0,0,False
63,Paweł Olszewski,Jagiellonia Białystok,Obrońca,0%,1.5,,19,WID (W),0,0,0,0,0,0,0,False
63,Paweł Olszewski,Jagiellonia Białystok,Obrońca,0%,1.5,,19,GKS (D),0,0,0,0,0,0,0,False
63,Paweł Olszewski,Jagiellonia Białystok,Obrońca,0%,1.5,,20,MOT (D),0,0,0,0,0,0,0,False
63,Paweł Olszewski,Jagiellonia Białystok,Obrońca,0%,1.5,,21,CRA (W),0,0,0,0,0,0,0,False
63,Paweł Olszewski,Jagiellonia Białystok,Obrońca,0%,1.5,,22,RAD (D),0,0,0,0,0,0,0,False
63,Paweł Olszewski,Jagiellonia Białystok,Obrońca,0%,1.5,,23,LEG (D),0,0,0,0,0,0,0,False
63,Paweł Olszewski,Jagiellonia Białystok,Obrońca,0%,1.5,,24,LGD (W),0,0,0,0,0,0,0,False
63,Paweł Olszewski,Jagiellonia Białystok,Obrońca,0%,1.5,,25,PIA (D),0,0,0,0,0,0,0,False
63,Paweł Olszewski,Jagiellonia Białystok,Obrońca,0%,1.5,,26,WPŁ (D),0,0,0,0,0,0,0,False
63,Paweł Olszewski,Jagiellonia Białystok,Obrońca,0%,1.5,,27,LPO (D),0,0,0,0,0,0,0,False
63,Paweł Olszewski,Jagiellonia Białystok,Obrońca,0%,1.5,,28,KOR (W),0,0,0,0,0,0,0,False
63,Paweł Olszewski,Jagiellonia Białystok,Obrońca,0%,1.5,,29,ARK (W),0,0,0,0,0,0,0,False
63,Paweł Olszewski,Jagiellonia Białystok,Obrońca,0%,1.5,,30,GÓR (D),0,0,0,0,0,0,0,False
63,Paweł Olszewski,Jagiellonia Białystok,Obrońca,0%,1.5,,31,RCZ (W),0,0,0,0,0,0,0,False
63,Paweł Olszewski,Jagiellonia Białystok,Obrońca,0%,1.5,,32,POG (D),0,0,0,0,0,0,0,False
63,Paweł Olszewski,Jagiellonia Białystok,Obrońca,0%,1.5,,33,GKS (W),0,0,0,0,0,0,0,False
63,Paweł Olszewski,Jagiellonia Białystok,Obrońca,0%,1.5,,34,ZAG (D),0,0,0,0,0,0,0,False
65,Ivan Runje,Jagiellonia Białystok,Obrońca,0%,1.5,,19,WID (W),0,0,0,0,0,0,0,False
65,Ivan Runje,Jagiellonia Białystok,Obrońca,0%,1.5,,19,GKS (D),0,0,0,0,0,0,0,False
65,Ivan Runje,Jagiellonia Białystok,Obrońca,0%,1.5,,20,MOT (D),0,0,0,0,0,0,0,False
65,Ivan Runje,Jagiellonia Białystok,Obrońca,0%,1.5,,21,CRA (W),0,0,0,0,0,0,0,False
65,Ivan Runje,Jagiellonia Białystok,Obrońca,0%,1.5,,22,RAD (D),0,0,0,0,0,0,0,False
65,Ivan Runje,Jagiellonia Białystok,Obrońca,0%,1.5,,23,LEG (D),0,0,0,0,0,0,0,False
65,Ivan Runje,Jagiellonia Białystok,Obrońca,0%,1.5,,24,LGD (W),0,0,0,0,0,0,0,False
65,Ivan Runje,Jagiellonia Białystok,Obrońca,0%,1.5,,25,PIA (D),0,0,0,0,0,0,0,False
65,Ivan Runje,Jagiellonia Białystok,Obrońca,0%,1.5,,26,WPŁ (D),0,0,0,0,0,0,0,False
65,Ivan Runje,Jagiellonia Białystok,Obrońca,0%,1.5,,27,LPO (D),0,0,0,0,0,0,0,False
65,Ivan Runje,Jagiellonia Białystok,Obrońca,0%,1.5,,28,KOR (W),0,0,0,0,0,0,0,False
65,Ivan Runje,Jagiellonia Białystok,Obrońca,0%,1.5,,29,ARK (W),0,0,0,0,0,0,0,False
65,Ivan Runje,Jagiellonia Białystok,Obrońca,0%,1.5,,30,GÓR (D),0,0,0,0,0,0,0,False
65,Ivan Runje,Jagiellonia Białystok,Obrońca,0%,1.5,,31,RCZ (W),0,0,0,0,0,0,0,False
65,Ivan Runje,Jagiellonia Białystok,Obrońca,0%,1.5,,32,POG (D),0,0,0,0,0,0,0,False
65,Ivan Runje,Jagiellonia Białystok,Obrońca,0%,1.5,,33,GKS (W),0,0,0,0,0,0,0,False
65,Ivan Runje,Jagiellonia Białystok,Obrońca,0%,1.5,,34,ZAG (D),0,0,0,0,0,0,0,False
69,Piotr Tomasik,Wisła Płock,Obrońca,0%,1.8,,19,RCZ (D),0,0,0,0,0,0,0,False
69,Piotr Tomasik,Wisła Płock,Obrońca,0%,1.8,,20,PIA (W),0,0,0,0,0,0,0,False
69,Piotr Tomasik,Wisła Płock,Obrońca,0%,1.8,,21,WID (D),0,0,0,0,0,0,0,False
69,Piotr Tomasik,Wisła Płock,Obrońca,0%,1.8,,22,LEG (W),0,0,0,0,0,0,0,False
69,Piotr Tomasik,Wisła Płock,Obrońca,0%,1.8,,23,ZAG (W),0,0,0,0,0,0,0,False
69,Piotr Tomasik,Wisła Płock,Obrońca,0%,1.8,,24,ARK (D),0,0,0,0,0,0,0,False
69,Piotr Tomasik,Wisła Płock,Obrońca,0%,1.8,,25,CRA (W),0,0,0,0,0,0,0,False
69,Piotr Tomasik,Wisła Płock,Obrońca,0%,1.8,,26,JAG (W),0,0,0,0,0,0,0,False
69,Piotr Tomasik,Wisła Płock,Obrońca,0%,1.8,,27,GKS (W),0,0,0,0,0,0,0,False
69,Piotr Tomasik,Wisła Płock,Obrońca,0%,1.8,,28,LGD (D),0,0,0,0,0,0,0,False
69,Piotr Tomasik,Wisła Płock,Obrońca,0%,1.8,,29,BBT (W),0,0,0,0,0,0,0,False
69,Piotr Tomasik,Wisła Płock,Obrońca,0%,1.8,,30,RAD (D),0,0,0,0,0,0,0,False
69,Piotr Tomasik,Wisła Płock,Obrońca,0%,1.8,,31,POG (W),0,0,0,0,0,0,0,False
69,Piotr Tomasik,Wisła Płock,Obrońca,0%,1.8,,32,MOT (D),0,0,0,0,0,0,0,False
69,Piotr Tomasik,Wisła Płock,Obrońca,0%,1.8,,33,GÓR (D),0,0,0,0,0,0,0,False
69,Piotr Tomasik,Wisła Płock,Obrońca,0%,1.8,,34,LPO (W),0,0,0,0,0,0,0,False
70,Marek Wasiluk,Jagiellonia Białystok,Obrońca,0%,1.2,,19,WID (W),0,0,0,0,0,0,0,False
70,Marek Wasiluk,Jagiellonia Białystok,Obrońca,0%,1.2,,19,GKS (D),0,0,0,0,0,0,0,False
70,Marek Wasiluk,Jagiellonia Białystok,Obrońca,0%,1.2,,20,MOT (D),0,0,0,0,0,0,0,False
70,Marek Wasiluk,Jagiellonia Białystok,Obrońca,0%,1.2,,21,CRA (W),0,0,0,0,0,0,0,False
70,Marek Wasiluk,Jagiellonia Białystok,Obrońca,0%,1.2,,22,RAD (D),0,0,0,0,0,0,0,False
70,Marek Wasiluk,Jagiellonia Białystok,Obrońca,0%,1.2,,23,LEG (D),0,0,0,0,0,0,0,False
70,Marek Wasiluk,Jagiellonia Białystok,Obrońca,0%,1.2,,24,LGD (W),0,0,0,0,0,0,0,False
70,Marek Wasiluk,Jagiellonia Białystok,Obrońca,0%,1.2,,25,PIA (D),0,0,0,0,0,0,0,False
70,Marek Wasiluk,Jagiellonia Białystok,Obrońca,0%,1.2,,26,WPŁ (D),0,0,0,0,0,0,0,False
70,Marek Wasiluk,Jagiellonia Białystok,Obrońca,0%,1.2,,27,LPO (D),0,0,0,0,0,0,0,False
70,Marek Wasiluk,Jagiellonia Białystok,Obrońca,0%,1.2,,28,KOR (W),0,0,0,0,0,0,0,False
70,Marek Wasiluk,Jagiellonia Białystok,Obrońca,0%,1.2,,29,ARK (W),0,0,0,0,0,0,0,False
70,Marek Wasiluk,Jagiellonia Białystok,Obrońca,0%,1.2,,30,GÓR (D),0,0,0,0,0,0,0,False
70,Marek Wasiluk,Jagiellonia Białystok,Obrońca,0%,1.2,,31,RCZ (W),0,0,0,0,0,0,0,False
70,Marek Wasiluk,Jagiellonia Białystok,Obrońca,0%,1.2,,32,POG (D),0,0,0,0,0,0,0,False
70,Marek Wasiluk,Jagiellonia Białystok,Obrońca,0%,1.2,,33,GKS (W),0,0,0,0,0,0,0,False
70,Marek Wasiluk,Jagiellonia Białystok,Obrońca,0%,1.2,,34,ZAG (D),0,0,0,0,0,0,0,False
71,Fedor Černych,Jagiellonia Białystok,Pomocnik,0%,1.9,,19,WID (W),0,0,0,0,0,0,0,False
71,Fedor Černych,Jagiellonia Białystok,Pomocnik,0%,1.9,,19,GKS (D),0,0,0,0,0,0,0,False
71,Fedor Černych,Jagiellonia Białystok,Pomocnik,0%,1.9,,20,MOT (D),0,0,0,0,0,0,0,False
71,Fedor Černych,Jagiellonia Białystok,Pomocnik,0%,1.9,,21,CRA (W),0,0,0,0,0,0,0,False
71,Fedor Černych,Jagiellonia Białystok,Pomocnik,0%,1.9,,22,RAD (D),0,0,0,0,0,0,0,False
71,Fedor Černych,Jagiellonia Białystok,Pomocnik,0%,1.9,,23,LEG (D),0,0,0,0,0,0,0,False
71,Fedor Černych,Jagiellonia Białystok,Pomocnik,0%,1.9,,24,LGD (W),0,0,0,0,0,0,0,False
71,Fedor Černych,Jagiellonia Białystok,Pomocnik,0%,1.9,,25,PIA (D),0,0,0,0,0,0,0,False
71,Fedor Černych,Jagiellonia Białystok,Pomocnik,0%,1.9,,26,WPŁ (D),0,0,0,0,0,0,0,False
71,Fedor Černych,Jagiellonia Białystok,Pomocnik,0%,1.9,,27,LPO (D),0,0,0,0,0,0,0,False
71,Fedor Černych,Jagiellonia Białystok,Pomocnik,0%,1.9,,28,KOR (W),0,0,0,0,0,0,0,False
71,Fedor Černych,Jagiellonia Białystok,Pomocnik,0%,1.9,,29,ARK (W),0,0,0,0,0,0,0,False
71,Fedor Černych,Jagiellonia Białystok,Pomocnik,0%,1.9,,30,GÓR (D),0,0,0,0,0,0,0,False
71,Fedor Černych,Jagiellonia Białystok,Pomocnik,0%,1.9,,31,RCZ (W),0,0,0,0,0,0,0,False
71,Fedor Černych,Jagiellonia Białystok,Pomocnik,0%,1.9,,32,POG (D),0,0,0,0,0,0,0,False
71,Fedor Černych,Jagiellonia Białystok,Pomocnik,0%,1.9,,33,GKS (W),0,0,0,0,0,0,0,False
71,Fedor Černych,Jagiellonia Białystok,Pomocnik,0%,1.9,,34,ZAG (D),0,0,0,0,0,0,0,False
72,Dmytro Chomczenowśkyj,Jagiellonia Białystok,Pomocnik,0%,1.9,,19,WID (W),0,0,0,0,0,0,0,False
72,Dmytro Chomczenowśkyj,Jagiellonia Białystok,Pomocnik,0%,1.9,,19,GKS (D),0,0,0,0,0,0,0,False
72,Dmytro Chomczenowśkyj,Jagiellonia Białystok,Pomocnik,0%,1.9,,20,MOT (D),0,0,0,0,0,0,0,False
72,Dmytro Chomczenowśkyj,Jagiellonia Białystok,Pomocnik,0%,1.9,,21,CRA (W),0,0,0,0,0,0,0,False
72,Dmytro Chomczenowśkyj,Jagiellonia Białystok,Pomocnik,0%,1.9,,22,RAD (D),0,0,0,0,0,0,0,False
72,Dmytro Chomczenowśkyj,Jagiellonia Białystok,Pomocnik,0%,1.9,,23,LEG (D),0,0,0,0,0,0,0,False
72,Dmytro Chomczenowśkyj,Jagiellonia Białystok,Pomocnik,0%,1.9,,24,LGD (W),0,0,0,0,0,0,0,False
72,Dmytro Chomczenowśkyj,Jagiellonia Białystok,Pomocnik,0%,1.9,,25,PIA (D),0,0,0,0,0,0,0,False
72,Dmytro Chomczenowśkyj,Jagiellonia Białystok,Pomocnik,0%,1.9,,26,WPŁ (D),0,0,0,0,0,0,0,False
72,Dmytro Chomczenowśkyj,Jagiellonia Białystok,Pomocnik,0%,1.9,,27,LPO (D),0,0,0,0,0,0,0,False
72,Dmytro Chomczenowśkyj,Jagiellonia Białystok,Pomocnik,0%,1.9,,28,KOR (W),0,0,0,0,0,0,0,False
72,Dmytro Chomczenowśkyj,Jagiellonia Białystok,Pomocnik,0%,1.9,,29,ARK (W),0,0,0,0,0,0,0,False
72,Dmytro Chomczenowśkyj,Jagiellonia Białystok,Pomocnik,0%,1.9,,30,GÓR (D),0,0,0,0,0,0,0,False
72,Dmytro Chomczenowśkyj,Jagiellonia Białystok,Pomocnik,0%,1.9,,31,RCZ (W),0,0,0,0,0,0,0,False
72,Dmytro Chomczenowśkyj,Jagiellonia Białystok,Pomocnik,0%,1.9,,32,POG (D),0,0,0,0,0,0,0,False
72,Dmytro Chomczenowśkyj,Jagiellonia Białystok,Pomocnik,0%,1.9,,33,GKS (W),0,0,0,0,0,0,0,False
72,Dmytro Chomczenowśkyj,Jagiellonia Białystok,Pomocnik,0%,1.9,,34,ZAG (D),0,0,0,0,0,0,0,False
73,Michał Domański,Jagiellonia Białystok,Pomocnik,0%,0.7,,19,WID (W),0,0,0,0,0,0,0,False
73,Michał Domański,Jagiellonia Białystok,Pomocnik,0%,0.7,,19,GKS (D),0,0,0,0,0,0,0,False
73,Michał Domański,Jagiellonia Białystok,Pomocnik,0%,0.7,,20,MOT (D),0,0,0,0,0,0,0,False
73,Michał Domański,Jagiellonia Białystok,Pomocnik,0%,0.7,,21,CRA (W),0,0,0,0,0,0,0,False
73,Michał Domański,Jagiellonia Białystok,Pomocnik,0%,0.7,,22,RAD (D),0,0,0,0,0,0,0,False
73,Michał Domański,Jagiellonia Białystok,Pomocnik,0%,0.7,,23,LEG (D),0,0,0,0,0,0,0,False
73,Michał Domański,Jagiellonia Białystok,Pomocnik,0%,0.7,,24,LGD (W),0,0,0,0,0,0,0,False
73,Michał Domański,Jagiellonia Białystok,Pomocnik,0%,0.7,,25,PIA (D),0,0,0,0,0,0,0,False
73,Michał Domański,Jagiellonia Białystok,Pomocnik,0%,0.7,,26,WPŁ (D),0,0,0,0,0,0,0,False
73,Michał Domański,Jagiellonia Białystok,Pomocnik,0%,0.7,,27,LPO (D),0,0,0,0,0,0,0,False
73,Michał Domański,Jagiellonia Białystok,Pomocnik,0%,0.7,,28,KOR (W),0,0,0,0,0,0,0,False
73,Michał Domański,Jagiellonia Białystok,Pomocnik,0%,0.7,,29,ARK (W),0,0,0,0,0,0,0,False
73,Michał Domański,Jagiellonia Białystok,Pomocnik,0%,0.7,,30,GÓR (D),0,0,0,0,0,0,0,False
73,Michał Domański,Jagiellonia Białystok,Pomocnik,0%,0.7,,31,RCZ (W),0,0,0,0,0,0,0,False
73,Michał Domański,Jagiellonia Białystok,Pomocnik,0%,0.7,,32,POG (D),0,0,0,0,0,0,0,False
73,Michał Domański,Jagiellonia Białystok,Pomocnik,0%,0.7,,33,GKS (W),0,0,0,0,0,0,0,False
73,Michał Domański,Jagiellonia Białystok,Pomocnik,0%,0.7,,34,ZAG (D),0,0,0,0,0,0,0,False
74,Kacper Falon,Jagiellonia Białystok,Pomocnik,0%,0.7,,19,WID (W),0,0,0,0,0,0,0,False
74,Kacper Falon,Jagiellonia Białystok,Pomocnik,0%,0.7,,19,GKS (D),0,0,0,0,0,0,0,False
74,Kacper Falon,Jagiellonia Białystok,Pomocnik,0%,0.7,,20,MOT (D),0,0,0,0,0,0,0,False
74,Kacper Falon,Jagiellonia Białystok,Pomocnik,0%,0.7,,21,CRA (W),0,0,0,0,0,0,0,False
74,Kacper Falon,Jagiellonia Białystok,Pomocnik,0%,0.7,,22,RAD (D),0,0,0,0,0,0,0,False
74,Kacper Falon,Jagiellonia Białystok,Pomocnik,0%,0.7,,23,LEG (D),0,0,0,0,0,0,0,False
74,Kacper Falon,Jagiellonia Białystok,Pomocnik,0%,0.7,,24,LGD (W),0,0,0,0,0,0,0,False
74,Kacper Falon,Jagiellonia Białystok,Pomocnik,0%,0.7,,25,PIA (D),0,0,0,0,0,0,0,False
74,Kacper Falon,Jagiellonia Białystok,Pomocnik,0%,0.7,,26,WPŁ (D),0,0,0,0,0,0,0,False
74,Kacper Falon,Jagiellonia Białystok,Pomocnik,0%,0.7,,27,LPO (D),0,0,0,0,0,0,0,False
74,Kacper Falon,Jagiellonia Białystok,Pomocnik,0%,0.7,,28,KOR (W),0,0,0,0,0,0,0,False
74,Kacper Falon,Jagiellonia Białystok,Pomocnik,0%,0.7,,29,ARK (W),0,0,0,0,0,0,0,False
74,Kacper Falon,Jagiellonia Białystok,Pomocnik,0%,0.7,,30,GÓR (D),0,0,0,0,0,0,0,False
74,Kacper Falon,Jagiellonia Białystok,Pomocnik,0%,0.7,,31,RCZ (W),0,0,0,0,0,0,0,False
74,Kacper Falon,Jagiellonia Białystok,Pomocnik,0%,0.7,,32,POG (D),0,0,0,0,0,0,0,False
74,Kacper Falon,Jagiellonia Białystok,Pomocnik,0%,0.7,,33,GKS (W),0,0,0,0,0,0,0,False
74,Kacper Falon,Jagiellonia Białystok,Pomocnik,0%,0.7,,34,ZAG (D),0,0,0,0,0,0,0,False
75,Przemysław Frankowski,Jagiellonia Białystok,Pomocnik,0%,2.4,,19,WID (W),0,0,0,0,0,0,0,False
75,Przemysław Frankowski,Jagiellonia Białystok,Pomocnik,0%,2.4,,19,GKS (D),0,0,0,0,0,0,0,False
75,Przemysław Frankowski,Jagiellonia Białystok,Pomocnik,0%,2.4,,20,MOT (D),0,0,0,0,0,0,0,False
75,Przemysław Frankowski,Jagiellonia Białystok,Pomocnik,0%,2.4,,21,CRA (W),0,0,0,0,0,0,0,False
75,Przemysław Frankowski,Jagiellonia Białystok,Pomocnik,0%,2.4,,22,RAD (D),0,0,0,0,0,0,0,False
75,Przemysław Frankowski,Jagiellonia Białystok,Pomocnik,0%,2.4,,23,LEG (D),0,0,0,0,0,0,0,False
75,Przemysław Frankowski,Jagiellonia Białystok,Pomocnik,0%,2.4,,24,LGD (W),0,0,0,0,0,0,0,False
75,Przemysław Frankowski,Jagiellonia Białystok,Pomocnik,0%,2.4,,25,PIA (D),0,0,0,0,0,0,0,False
75,Przemysław Frankowski,Jagiellonia Białystok,Pomocnik,0%,2.4,,26,WPŁ (D),0,0,0,0,0,0,0,False
75,Przemysław Frankowski,Jagiellonia Białystok,Pomocnik,0%,2.4,,27,LPO (D),0,0,0,0,0,0,0,False
75,Przemysław Frankowski,Jagiellonia Białystok,Pomocnik,0%,2.4,,28,KOR (W),0,0,0,0,0,0,0,False
75,Przemysław Frankowski,Jagiellonia Białystok,Pomocnik,0%,2.4,,29,ARK (W),0,0,0,0,0,0,0,False
75,Przemysław Frankowski,Jagiellonia Białystok,Pomocnik,0%,2.4,,30,GÓR (D),0,0,0,0,0,0,0,False
75,Przemysław Frankowski,Jagiellonia Białystok,Pomocnik,0%,2.4,,31,RCZ (W),0,0,0,0,0,0,0,False
75,Przemysław Frankowski,Jagiellonia Białystok,Pomocnik,0%,2.4,,32,POG (D),0,0,0,0,0,0,0,False
75,Przemysław Frankowski,Jagiellonia Białystok,Pomocnik,0%,2.4,,33,GKS (W),0,0,0,0,0,0,0,False
75,Przemysław Frankowski,Jagiellonia Białystok,Pomocnik,0%,2.4,,34,ZAG (D),0,0,0,0,0,0,0,False
76,Jacek Góralski,Jagiellonia Białystok,Pomocnik,0%,2.0,,19,WID (W),0,0,0,0,0,0,0,False
76,Jacek Góralski,Jagiellonia Białystok,Pomocnik,0%,2.0,,19,GKS (D),0,0,0,0,0,0,0,False
76,Jacek Góralski,Jagiellonia Białystok,Pomocnik,0%,2.0,,20,MOT (D),0,0,0,0,0,0,0,False
76,Jacek Góralski,Jagiellonia Białystok,Pomocnik,0%,2.0,,21,CRA (W),0,0,0,0,0,0,0,False
76,Jacek Góralski,Jagiellonia Białystok,Pomocnik,0%,2.0,,22,RAD (D),0,0,0,0,0,0,0,False
76,Jacek Góralski,Jagiellonia Białystok,Pomocnik,0%,2.0,,23,LEG (D),0,0,0,0,0,0,0,False
76,Jacek Góralski,Jagiellonia Białystok,Pomocnik,0%,2.0,,24,LGD (W),0,0,0,0,0,0,0,False
76,Jacek Góralski,Jagiellonia Białystok,Pomocnik,0%,2.0,,25,PIA (D),0,0,0,0,0,0,0,False
76,Jacek Góralski,Jagiellonia Białystok,Pomocnik,0%,2.0,,26,WPŁ (D),0,0,0,0,0,0,0,False
76,Jacek Góralski,Jagiellonia Białystok,Pomocnik,0%,2.0,,27,LPO (D),0,0,0,0,0,0,0,False
76,Jacek Góralski,Jagiellonia Białystok,Pomocnik,0%,2.0,,28,KOR (W),0,0,0,0,0,0,0,False
76,Jacek Góralski,Jagiellonia Białystok,Pomocnik,0%,2.0,,29,ARK (W),0,0,0,0,0,0,0,False
76,Jacek Góralski,Jagiellonia Białystok,Pomocnik,0%,2.0,,30,GÓR (D),0,0,0,0,0,0,0,False
76,Jacek Góralski,Jagiellonia Białystok,Pomocnik,0%,2.0,,31,RCZ (W),0,0,0,0,0,0,0,False
76,Jacek Góralski,Jagiellonia Białystok,Pomocnik,0%,2.0,,32,POG (D),0,0,0,0,0,0,0,False
76,Jacek Góralski,Jagiellonia Białystok,Pomocnik,0%,2.0,,33,GKS (W),0,0,0,0,0,0,0,False
76,Jacek Góralski,Jagiellonia Białystok,Pomocnik,0%,2.0,,34,ZAG (D),0,0,0,0,0,0,0,False
77,Rafał Grzyb,Jagiellonia Białystok,Pomocnik,0%,1.6,,19,WID (W),0,0,0,0,0,0,0,False
77,Rafał Grzyb,Jagiellonia Białystok,Pomocnik,0%,1.6,,19,GKS (D),0,0,0,0,0,0,0,False
77,Rafał Grzyb,Jagiellonia Białystok,Pomocnik,0%,1.6,,20,MOT (D),0,0,0,0,0,0,0,False
77,Rafał Grzyb,Jagiellonia Białystok,Pomocnik,0%,1.6,,21,CRA (W),0,0,0,0,0,0,0,False
77,Rafał Grzyb,Jagiellonia Białystok,Pomocnik,0%,1.6,,22,RAD (D),0,0,0,0,0,0,0,False
77,Rafał Grzyb,Jagiellonia Białystok,Pomocnik,0%,1.6,,23,LEG (D),0,0,0,0,0,0,0,False
77,Rafał Grzyb,Jagiellonia Białystok,Pomocnik,0%,1.6,,24,LGD (W),0,0,0,0,0,0,0,False
77,Rafał Grzyb,Jagiellonia Białystok,Pomocnik,0%,1.6,,25,PIA (D),0,0,0,0,0,0,0,False
77,Rafał Grzyb,Jagiellonia Białystok,Pomocnik,0%,1.6,,26,WPŁ (D),0,0,0,0,0,0,0,False
77,Rafał Grzyb,Jagiellonia Białystok,Pomocnik,0%,1.6,,27,LPO (D),0,0,0,0,0,0,0,False
77,Rafał Grzyb,Jagiellonia Białystok,Pomocnik,0%,1.6,,28,KOR (W),0,0,0,0,0,0,0,False
77,Rafał Grzyb,Jagiellonia Białystok,Pomocnik,0%,1.6,,29,ARK (W),0,0,0,0,0,0,0,False
77,Rafał Grzyb,Jagiellonia Białystok,Pomocnik,0%,1.6,,30,GÓR (D),0,0,0,0,0,0,0,False
77,Rafał Grzyb,Jagiellonia Białystok,Pomocnik,0%,1.6,,31,RCZ (W),0,0,0,0,0,0,0,False
77,Rafał Grzyb,Jagiellonia Białystok,Pomocnik,0%,1.6,,32,POG (D),0,0,0,0,0,0,0,False
77,Rafał Grzyb,Jagiellonia Białystok,Pomocnik,0%,1.6,,33,GKS (W),0,0,0,0,0,0,0,False
77,Rafał Grzyb,Jagiellonia Białystok,Pomocnik,0%,1.6,,34,ZAG (D),0,0,0,0,0,0,0,False
78,Paweł Kaczmarczyk,Jagiellonia Białystok,Pomocnik,0%,0.7,,19,WID (W),0,0,0,0,0,0,0,False
78,Paweł Kaczmarczyk,Jagiellonia Białystok,Pomocnik,0%,0.7,,19,GKS (D),0,0,0,0,0,0,0,False
78,Paweł Kaczmarczyk,Jagiellonia Białystok,Pomocnik,0%,0.7,,20,MOT (D),0,0,0,0,0,0,0,False
78,Paweł Kaczmarczyk,Jagiellonia Białystok,Pomocnik,0%,0.7,,21,CRA (W),0,0,0,0,0,0,0,False
78,Paweł Kaczmarczyk,Jagiellonia Białystok,Pomocnik,0%,0.7,,22,RAD (D),0,0,0,0,0,0,0,False
78,Paweł Kaczmarczyk,Jagiellonia Białystok,Pomocnik,0%,0.7,,23,LEG (D),0,0,0,0,0,0,0,False
78,Paweł Kaczmarczyk,Jagiellonia Białystok,Pomocnik,0%,0.7,,24,LGD (W),0,0,0,0,0,0,0,False
78,Paweł Kaczmarczyk,Jagiellonia Białystok,Pomocnik,0%,0.7,,25,PIA (D),0,0,0,0,0,0,0,False
78,Paweł Kaczmarczyk,Jagiellonia Białystok,Pomocnik,0%,0.7,,26,WPŁ (D),0,0,0,0,0,0,0,False
78,Paweł Kaczmarczyk,Jagiellonia Białystok,Pomocnik,0%,0.7,,27,LPO (D),0,0,0,0,0,0,0,False
78,Paweł Kaczmarczyk,Jagiellonia Białystok,Pomocnik,0%,0.7,,28,KOR (W),0,0,0,0,0,0,0,False
78,Paweł Kaczmarczyk,Jagiellonia Białystok,Pomocnik,0%,0.7,,29,ARK (W),0,0,0,0,0,0,0,False
78,Paweł Kaczmarczyk,Jagiellonia Białystok,Pomocnik,0%,0.7,,30,GÓR (D),0,0,0,0,0,0,0,False
78,Paweł Kaczmarczyk,Jagiellonia Białystok,Pomocnik,0%,0.7,,31,RCZ (W),0,0,0,0,0,0,0,False
78,Paweł Kaczmarczyk,Jagiellonia Białystok,Pomocnik,0%,0.7,,32,POG (D),0,0,0,0,0,0,0,False
78,Paweł Kaczmarczyk,Jagiellonia Białystok,Pomocnik,0%,0.7,,33,GKS (W),0,0,0,0,0,0,0,False
78,Paweł Kaczmarczyk,Jagiellonia Białystok,Pomocnik,0%,0.7,,34,ZAG (D),0,0,0,0,0,0,0,False
80,Karol Mackiewicz,Jagiellonia Białystok,Pomocnik,0%,1.7,,19,WID (W),0,0,0,0,0,0,0,False
80,Karol Mackiewicz,Jagiellonia Białystok,Pomocnik,0%,1.7,,19,GKS (D),0,0,0,0,0,0,0,False
80,Karol Mackiewicz,Jagiellonia Białystok,Pomocnik,0%,1.7,,20,MOT (D),0,0,0,0,0,0,0,False
80,Karol Mackiewicz,Jagiellonia Białystok,Pomocnik,0%,1.7,,21,CRA (W),0,0,0,0,0,0,0,False
80,Karol Mackiewicz,Jagiellonia Białystok,Pomocnik,0%,1.7,,22,RAD (D),0,0,0,0,0,0,0,False
80,Karol Mackiewicz,Jagiellonia Białystok,Pomocnik,0%,1.7,,23,LEG (D),0,0,0,0,0,0,0,False
80,Karol Mackiewicz,Jagiellonia Białystok,Pomocnik,0%,1.7,,24,LGD (W),0,0,0,0,0,0,0,False
80,Karol Mackiewicz,Jagiellonia Białystok,Pomocnik,0%,1.7,,25,PIA (D),0,0,0,0,0,0,0,False
80,Karol Mackiewicz,Jagiellonia Białystok,Pomocnik,0%,1.7,,26,WPŁ (D),0,0,0,0,0,0,0,False
80,Karol Mackiewicz,Jagiellonia Białystok,Pomocnik,0%,1.7,,27,LPO (D),0,0,0,0,0,0,0,False
80,Karol Mackiewicz,Jagiellonia Białystok,Pomocnik,0%,1.7,,28,KOR (W),0,0,0,0,0,0,0,False
80,Karol Mackiewicz,Jagiellonia Białystok,Pomocnik,0%,1.7,,29,ARK (W),0,0,0,0,0,0,0,False
80,Karol Mackiewicz,Jagiellonia Białystok,Pomocnik,0%,1.7,,30,GÓR (D),0,0,0,0,0,0,0,False
80,Karol Mackiewicz,Jagiellonia Białystok,Pomocnik,0%,1.7,,31,RCZ (W),0,0,0,0,0,0,0,False
80,Karol Mackiewicz,Jagiellonia Białystok,Pomocnik,0%,1.7,,32,POG (D),0,0,0,0,0,0,0,False
80,Karol Mackiewicz,Jagiellonia Białystok,Pomocnik,0%,1.7,,33,GKS (W),0,0,0,0,0,0,0,False
80,Karol Mackiewicz,Jagiellonia Białystok,Pomocnik,0%,1.7,,34,ZAG (D),0,0,0,0,0,0,0,False
81,Przemysław Mystkowski,Jagiellonia Białystok,Pomocnik,0%,1.6,,19,WID (W),0,0,0,0,0,0,0,False
81,Przemysław Mystkowski,Jagiellonia Białystok,Pomocnik,0%,1.6,,19,GKS (D),0,0,0,0,0,0,0,False
81,Przemysław Mystkowski,Jagiellonia Białystok,Pomocnik,0%,1.6,,20,MOT (D),0,0,0,0,0,0,0,False
81,Przemysław Mystkowski,Jagiellonia Białystok,Pomocnik,0%,1.6,,21,CRA (W),0,0,0,0,0,0,0,False
81,Przemysław Mystkowski,Jagiellonia Białystok,Pomocnik,0%,1.6,,22,RAD (D),0,0,0,0,0,0,0,False
81,Przemysław Mystkowski,Jagiellonia Białystok,Pomocnik,0%,1.6,,23,LEG (D),0,0,0,0,0,0,0,False
81,Przemysław Mystkowski,Jagiellonia Białystok,Pomocnik,0%,1.6,,24,LGD (W),0,0,0,0,0,0,0,False
81,Przemysław Mystkowski,Jagiellonia Białystok,Pomocnik,0%,1.6,,25,PIA (D),0,0,0,0,0,0,0,False
81,Przemysław Mystkowski,Jagiellonia Białystok,Pomocnik,0%,1.6,,26,WPŁ (D),0,0,0,0,0,0,0,False
81,Przemysław Mystkowski,Jagiellonia Białystok,Pomocnik,0%,1.6,,27,LPO (D),0,0,0,0,0,0,0,False
81,Przemysław Mystkowski,Jagiellonia Białystok,Pomocnik,0%,1.6,,28,KOR (W),0,0,0,0,0,0,0,False
81,Przemysław Mystkowski,Jagiellonia Białystok,Pomocnik,0%,1.6,,29,ARK (W),0,0,0,0,0,0,0,False
81,Przemysław Mystkowski,Jagiellonia Białystok,Pomocnik,0%,1.6,,30,GÓR (D),0,0,0,0,0,0,0,False
81,Przemysław Mystkowski,Jagiellonia Białystok,Pomocnik,0%,1.6,,31,RCZ (W),0,0,0,0,0,0,0,False
81,Przemysław Mystkowski,Jagiellonia Białystok,Pomocnik,0%,1.6,,32,POG (D),0,0,0,0,0,0,0,False
81,Przemysław Mystkowski,Jagiellonia Białystok,Pomocnik,0%,1.6,,33,GKS (W),0,0,0,0,0,0,0,False
81,Przemysław Mystkowski,Jagiellonia Białystok,Pomocnik,0%,1.6,,34,ZAG (D),0,0,0,0,0,0,0,False
82,Patryk Niemczynowicz,Jagiellonia Białystok,Pomocnik,0%,0.7,,19,WID (W),0,0,0,0,0,0,0,False
82,Patryk Niemczynowicz,Jagiellonia Białystok,Pomocnik,0%,0.7,,19,GKS (D),0,0,0,0,0,0,0,False
82,Patryk Niemczynowicz,Jagiellonia Białystok,Pomocnik,0%,0.7,,20,MOT (D),0,0,0,0,0,0,0,False
82,Patryk Niemczynowicz,Jagiellonia Białystok,Pomocnik,0%,0.7,,21,CRA (W),0,0,0,0,0,0,0,False
82,Patryk Niemczynowicz,Jagiellonia Białystok,Pomocnik,0%,0.7,,22,RAD (D),0,0,0,0,0,0,0,False
82,Patryk Niemczynowicz,Jagiellonia Białystok,Pomocnik,0%,0.7,,23,LEG (D),0,0,0,0,0,0,0,False
82,Patryk Niemczynowicz,Jagiellonia Białystok,Pomocnik,0%,0.7,,24,LGD (W),0,0,0,0,0,0,0,False
82,Patryk Niemczynowicz,Jagiellonia Białystok,Pomocnik,0%,0.7,,25,PIA (D),0,0,0,0,0,0,0,False
82,Patryk Niemczynowicz,Jagiellonia Białystok,Pomocnik,0%,0.7,,26,WPŁ (D),0,0,0,0,0,0,0,False
82,Patryk Niemczynowicz,Jagiellonia Białystok,Pomocnik,0%,0.7,,27,LPO (D),0,0,0,0,0,0,0,False
82,Patryk Niemczynowicz,Jagiellonia Białystok,Pomocnik,0%,0.7,,28,KOR (W),0,0,0,0,0,0,0,False
82,Patryk Niemczynowicz,Jagiellonia Białystok,Pomocnik,0%,0.7,,29,ARK (W),0,0,0,0,0,0,0,False
82,Patryk Niemczynowicz,Jagiellonia Białystok,Pomocnik,0%,0.7,,30,GÓR (D),0,0,0,0,0,0,0,False
82,Patryk Niemczynowicz,Jagiellonia Białystok,Pomocnik,0%,0.7,,31,RCZ (W),0,0,0,0,0,0,0,False
82,Patryk Niemczynowicz,Jagiellonia Białystok,Pomocnik,0%,0.7,,32,POG (D),0,0,0,0,0,0,0,False
82,Patryk Niemczynowicz,Jagiellonia Białystok,Pomocnik,0%,0.7,,33,GKS (W),0,0,0,0,0,0,0,False
82,Patryk Niemczynowicz,Jagiellonia Białystok,Pomocnik,0%,0.7,,34,ZAG (D),0,0,0,0,0,0,0,False
83,Mateusz Ostaszewski,Jagiellonia Białystok,Pomocnik,0%,0.7,,19,WID (W),0,0,0,0,0,0,0,False
83,Mateusz Ostaszewski,Jagiellonia Białystok,Pomocnik,0%,0.7,,19,GKS (D),0,0,0,0,0,0,0,False
83,Mateusz Ostaszewski,Jagiellonia Białystok,Pomocnik,0%,0.7,,20,MOT (D),0,0,0,0,0,0,0,False
83,Mateusz Ostaszewski,Jagiellonia Białystok,Pomocnik,0%,0.7,,21,CRA (W),0,0,0,0,0,0,0,False
83,Mateusz Ostaszewski,Jagiellonia Białystok,Pomocnik,0%,0.7,,22,RAD (D),0,0,0,0,0,0,0,False
83,Mateusz Ostaszewski,Jagiellonia Białystok,Pomocnik,0%,0.7,,23,LEG (D),0,0,0,0,0,0,0,False
83,Mateusz Ostaszewski,Jagiellonia Białystok,Pomocnik,0%,0.7,,24,LGD (W),0,0,0,0,0,0,0,False
83,Mateusz Ostaszewski,Jagiellonia Białystok,Pomocnik,0%,0.7,,25,PIA (D),0,0,0,0,0,0,0,False
83,Mateusz Ostaszewski,Jagiellonia Białystok,Pomocnik,0%,0.7,,26,WPŁ (D),0,0,0,0,0,0,0,False
83,Mateusz Ostaszewski,Jagiellonia Białystok,Pomocnik,0%,0.7,,27,LPO (D),0,0,0,0,0,0,0,False
83,Mateusz Ostaszewski,Jagiellonia Białystok,Pomocnik,0%,0.7,,28,KOR (W),0,0,0,0,0,0,0,False
83,Mateusz Ostaszewski,Jagiellonia Białystok,Pomocnik,0%,0.7,,29,ARK (W),0,0,0,0,0,0,0,False
83,Mateusz Ostaszewski,Jagiellonia Białystok,Pomocnik,0%,0.7,,30,GÓR (D),0,0,0,0,0,0,0,False
83,Mateusz Ostaszewski,Jagiellonia Białystok,Pomocnik,0%,0.7,,31,RCZ (W),0,0,0,0,0,0,0,False
83,Mateusz Ostaszewski,Jagiellonia Białystok,Pomocnik,0%,0.7,,32,POG (D),0,0,0,0,0,0,0,False
83,Mateusz Ostaszewski,Jagiellonia Białystok,Pomocnik,0%,0.7,,33,GKS (W),0,0,0,0,0,0,0,False
83,Mateusz Ostaszewski,Jagiellonia Białystok,Pomocnik,0%,0.7,,34,ZAG (D),0,0,0,0,0,0,0,False
84,Dawid Polkowski,Jagiellonia Białystok,Pomocnik,0%,0.7,,19,WID (W),0,0,0,0,0,0,0,False
84,Dawid Polkowski,Jagiellonia Białystok,Pomocnik,0%,0.7,,19,GKS (D),0,0,0,0,0,0,0,False
84,Dawid Polkowski,Jagiellonia Białystok,Pomocnik,0%,0.7,,20,MOT (D),0,0,0,0,0,0,0,False
84,Dawid Polkowski,Jagiellonia Białystok,Pomocnik,0%,0.7,,21,CRA (W),0,0,0,0,0,0,0,False
84,Dawid Polkowski,Jagiellonia Białystok,Pomocnik,0%,0.7,,22,RAD (D),0,0,0,0,0,0,0,False
84,Dawid Polkowski,Jagiellonia Białystok,Pomocnik,0%,0.7,,23,LEG (D),0,0,0,0,0,0,0,False
84,Dawid Polkowski,Jagiellonia Białystok,Pomocnik,0%,0.7,,24,LGD (W),0,0,0,0,0,0,0,False
84,Dawid Polkowski,Jagiellonia Białystok,Pomocnik,0%,0.7,,25,PIA (D),0,0,0,0,0,0,0,False
84,Dawid Polkowski,Jagiellonia Białystok,Pomocnik,0%,0.7,,26,WPŁ (D),0,0,0,0,0,0,0,False
84,Dawid Polkowski,Jagiellonia Białystok,Pomocnik,0%,0.7,,27,LPO (D),0,0,0,0,0,0,0,False
84,Dawid Polkowski,Jagiellonia Białystok,Pomocnik,0%,0.7,,28,KOR (W),0,0,0,0,0,0,0,False
84,Dawid Polkowski,Jagiellonia Białystok,Pomocnik,0%,0.7,,29,ARK (W),0,0,0,0,0,0,0,False
84,Dawid Polkowski,Jagiellonia Białystok,Pomocnik,0%,0.7,,30,GÓR (D),0,0,0,0,0,0,0,False
84,Dawid Polkowski,Jagiellonia Białystok,Pomocnik,0%,0.7,,31,RCZ (W),0,0,0,0,0,0,0,False
84,Dawid Polkowski,Jagiellonia Białystok,Pomocnik,0%,0.7,,32,POG (D),0,0,0,0,0,0,0,False
84,Dawid Polkowski,Jagiellonia Białystok,Pomocnik,0%,0.7,,33,GKS (W),0,0,0,0,0,0,0,False
84,Dawid Polkowski,Jagiellonia Białystok,Pomocnik,0%,0.7,,34,ZAG (D),0,0,0,0,0,0,0,False
85,Dominik Prusaczyk,Jagiellonia Białystok,Pomocnik,0%,0.7,,19,WID (W),0,0,0,0,0,0,0,False
85,Dominik Prusaczyk,Jagiellonia Białystok,Pomocnik,0%,0.7,,19,GKS (D),0,0,0,0,0,0,0,False
85,Dominik Prusaczyk,Jagiellonia Białystok,Pomocnik,0%,0.7,,20,MOT (D),0,0,0,0,0,0,0,False
85,Dominik Prusaczyk,Jagiellonia Białystok,Pomocnik,0%,0.7,,21,CRA (W),0,0,0,0,0,0,0,False
85,Dominik Prusaczyk,Jagiellonia Białystok,Pomocnik,0%,0.7,,22,RAD (D),0,0,0,0,0,0,0,False
85,Dominik Prusaczyk,Jagiellonia Białystok,Pomocnik,0%,0.7,,23,LEG (D),0,0,0,0,0,0,0,False
85,Dominik Prusaczyk,Jagiellonia Białystok,Pomocnik,0%,0.7,,24,LGD (W),0,0,0,0,0,0,0,False
85,Dominik Prusaczyk,Jagiellonia Białystok,Pomocnik,0%,0.7,,25,PIA (D),0,0,0,0,0,0,0,False
85,Dominik Prusaczyk,Jagiellonia Białystok,Pomocnik,0%,0.7,,26,WPŁ (D),0,0,0,0,0,0,0,False
85,Dominik Prusaczyk,Jagiellonia Białystok,Pomocnik,0%,0.7,,27,LPO (D),0,0,0,0,0,0,0,False
85,Dominik Prusaczyk,Jagiellonia Białystok,Pomocnik,0%,0.7,,28,KOR (W),0,0,0,0,0,0,0,False
85,Dominik Prusaczyk,Jagiellonia Białystok,Pomocnik,0%,0.7,,29,ARK (W),0,0,0,0,0,0,0,False
85,Dominik Prusaczyk,Jagiellonia Białystok,Pomocnik,0%,0.7,,30,GÓR (D),0,0,0,0,0,0,0,False
85,Dominik Prusaczyk,Jagiellonia Białystok,Pomocnik,0%,0.7,,31,RCZ (W),0,0,0,0,0,0,0,False
85,Dominik Prusaczyk,Jagiellonia Białystok,Pomocnik,0%,0.7,,32,POG (D),0,0,0,0,0,0,0,False
85,Dominik Prusaczyk,Jagiellonia Białystok,Pomocnik,0%,0.7,,33,GKS (W),0,0,0,0,0,0,0,False
85,Dominik Prusaczyk,Jagiellonia Białystok,Pomocnik,0%,0.7,,34,ZAG (D),0,0,0,0,0,0,0,False
86,Taras Romanczuk,Jagiellonia Białystok,Pomocnik,6%,1.8,,19,WID (W),90,0,0,0,0,0,3,True
86,Taras Romanczuk,Jagiellonia Białystok,Pomocnik,6%,1.8,,19,GKS (D),0,0,0,0,0,0,0,False
86,Taras Romanczuk,Jagiellonia Białystok,Pomocnik,6%,1.8,,20,MOT (D),90,1,0,0,0,0,9,True
86,Taras Romanczuk,Jagiellonia Białystok,Pomocnik,6%,1.8,,21,CRA (W),90,0,0,0,0,0,3,True
86,Taras Romanczuk,Jagiellonia Białystok,Pomocnik,6%,1.8,,22,RAD (D),0,0,0,0,0,0,0,False
86,Taras Romanczuk,Jagiellonia Białystok,Pomocnik,6%,1.8,,23,LEG (D),0,0,0,0,0,0,0,False
86,Taras Romanczuk,Jagiellonia Białystok,Pomocnik,6%,1.8,,24,LGD (W),0,0,0,0,0,0,0,False
86,Taras Romanczuk,Jagiellonia Białystok,Pomocnik,6%,1.8,,25,PIA (D),0,0,0,0,0,0,0,False
86,Taras Romanczuk,Jagiellonia Białystok,Pomocnik,6%,1.8,,26,WPŁ (D),0,0,0,0,0,0,0,False
86,Taras Romanczuk,Jagiellonia Białystok,Pomocnik,6%,1.8,,27,LPO (D),0,0,0,0,0,0,0,False
86,Taras Romanczuk,Jagiellonia Białystok,Pomocnik,6%,1.8,,28,KOR (W),0,0,0,0,0,0,0,False
86,Taras Romanczuk,Jagiellonia Białystok,Pomocnik,6%,1.8,,29,ARK (W),0,0,0,0,0,0,0,False
86,Taras Romanczuk,Jagiellonia Białystok,Pomocnik,6%,1.8,,30,GÓR (D),0,0,0,0,0,0,0,False
86,Taras Romanczuk,Jagiellonia Białystok,Pomocnik,6%,1.8,,31,RCZ (W),0,0,0,0,0,0,0,False
86,Taras Romanczuk,Jagiellonia Białystok,Pomocnik,6%,1.8,,32,POG (D),0,0,0,0,0,0,0,False
86,Taras Romanczuk,Jagiellonia Białystok,Pomocnik,6%,1.8,,33,GKS (W),0,0,0,0,0,0,0,False
86,Taras Romanczuk,Jagiellonia Białystok,Pomocnik,6%,1.8,,34,ZAG (D),0,0,0,0,0,0,0,False
87,Damian Szymański,Legia Warszawa,Pomocnik,1%,1.8,,19,KOR (D),0,0,0,0,0,0,0,False
87,Damian Szymański,Legia Warszawa,Pomocnik,1%,1.8,,20,ARK (W),90,0,0,0,0,0,2,True
87,Damian Szymański,Legia Warszawa,Pomocnik,1%,1.8,,21,GKS (W),90,0,0,0,0,0,2,True
87,Damian Szymański,Legia Warszawa,Pomocnik,1%,1.8,,22,WPŁ (D),0,0,0,0,0,0,0,False
87,Damian Szymański,Legia Warszawa,Pomocnik,1%,1.8,,23,JAG (W),0,0,0,0,0,0,0,False
87,Damian Szymański,Legia Warszawa,Pomocnik,1%,1.8,,24,CRA (D),0,0,0,0,0,0,0,False
87,Damian Szymański,Legia Warszawa,Pomocnik,1%,1.8,,25,RAD (W),0,0,0,0,0,0,0,False
87,Damian Szymański,Legia Warszawa,Pomocnik,1%,1.8,,26,RCZ (D),0,0,0,0,0,0,0,False
87,Damian Szymański,Legia Warszawa,Pomocnik,1%,1.8,,27,POG (W),0,0,0,0,0,0,0,False
87,Damian Szymański,Legia Warszawa,Pomocnik,1%,1.8,,28,GÓR (D),0,0,0,0,0,0,0,False
87,Damian Szymański,Legia Warszawa,Pomocnik,1%,1.8,,29,ZAG (D),0,0,0,0,0,0,0,False
87,Damian Szymański,Legia Warszawa,Pomocnik,1%,1.8,,30,LPO (W),0,0,0,0,0,0,0,False
87,Damian Szymański,Legia Warszawa,Pomocnik,1%,1.8,,31,WID (D),0,0,0,0,0,0,0,False
87,Damian Szymański,Legia Warszawa,Pomocnik,1%,1.8,,32,BBT (W),0,0,0,0,0,0,0,False
87,Damian Szymański,Legia Warszawa,Pomocnik,1%,1.8,,33,LGD (W),0,0,0,0,0,0,0,False
87,Damian Szymański,Legia Warszawa,Pomocnik,1%,1.8,,34,MOT (D),0,0,0,0,0,0,0,False
89,Jakub Tabor,Jagiellonia Białystok,Pomocnik,0%,0.8,,19,WID (W),0,0,0,0,0,0,0,False
89,Jakub Tabor,Jagiellonia Białystok,Pomocnik,0%,0.8,,19,GKS (D),0,0,0,0,0,0,0,False
89,Jakub Tabor,Jagiellonia Białystok,Pomocnik,0%,0.8,,20,MOT (D),0,0,0,0,0,0,0,False
89,Jakub Tabor,Jagiellonia Białystok,Pomocnik,0%,0.8,,21,CRA (W),0,0,0,0,0,0,0,False
89,Jakub Tabor,Jagiellonia Białystok,Pomocnik,0%,0.8,,22,RAD (D),0,0,0,0,0,0,0,False
89,Jakub Tabor,Jagiellonia Białystok,Pomocnik,0%,0.8,,23,LEG (D),0,0,0,0,0,0,0,False
89,Jakub Tabor,Jagiellonia Białystok,Pomocnik,0%,0.8,,24,LGD (W),0,0,0,0,0,0,0,False
89,Jakub Tabor,Jagiellonia Białystok,Pomocnik,0%,0.8,,25,PIA (D),0,0,0,0,0,0,0,False
89,Jakub Tabor,Jagiellonia Białystok,Pomocnik,0%,0.8,,26,WPŁ (D),0,0,0,0,0,0,0,False
89,Jakub Tabor,Jagiellonia Białystok,Pomocnik,0%,0.8,,27,LPO (D),0,0,0,0,0,0,0,False
89,Jakub Tabor,Jagiellonia Białystok,Pomocnik,0%,0.8,,28,KOR (W),0,0,0,0,0,0,0,False
89,Jakub Tabor,Jagiellonia Białystok,Pomocnik,0%,0.8,,29,ARK (W),0,0,0,0,0,0,0,False
89,Jakub Tabor,Jagiellonia Białystok,Pomocnik,0%,0.8,,30,GÓR (D),0,0,0,0,0,0,0,False
89,Jakub Tabor,Jagiellonia Białystok,Pomocnik,0%,0.8,,31,RCZ (W),0,0,0,0,0,0,0,False
89,Jakub Tabor,Jagiellonia Białystok,Pomocnik,0%,0.8,,32,POG (D),0,0,0,0,0,0,0,False
89,Jakub Tabor,Jagiellonia Białystok,Pomocnik,0%,0.8,,33,GKS (W),0,0,0,0,0,0,0,False
89,Jakub Tabor,Jagiellonia Białystok,Pomocnik,0%,0.8,,34,ZAG (D),0,0,0,0,0,0,0,False
90,Konstantin Vassiljev,Piast Gliwice,Pomocnik,0%,1.5,,19,GÓR (W),0,0,0,0,0,0,0,False
90,Konstantin Vassiljev,Piast Gliwice,Pomocnik,0%,1.5,,19,LPO (D),0,0,0,0,0,0,0,False
90,Konstantin Vassiljev,Piast Gliwice,Pomocnik,0%,1.5,,20,WPŁ (D),0,0,0,0,0,0,0,False
90,Konstantin Vassiljev,Piast Gliwice,Pomocnik,0%,1.5,,21,LPO (W),0,0,0,0,0,0,0,False
90,Konstantin Vassiljev,Piast Gliwice,Pomocnik,0%,1.5,,22,MOT (D),0,0,0,0,0,0,0,False
90,Konstantin Vassiljev,Piast Gliwice,Pomocnik,0%,1.5,,23,CRA (W),0,0,0,0,0,0,0,False
90,Konstantin Vassiljev,Piast Gliwice,Pomocnik,0%,1.5,,24,ZAG (D),0,0,0,0,0,0,0,False
90,Konstantin Vassiljev,Piast Gliwice,Pomocnik,0%,1.5,,25,JAG (W),0,0,0,0,0,0,0,False
90,Konstantin Vassiljev,Piast Gliwice,Pomocnik,0%,1.5,,26,RAD (D),0,0,0,0,0,0,0,False
90,Konstantin Vassiljev,Piast Gliwice,Pomocnik,0%,1.5,,27,BBT (W),0,0,0,0,0,0,0,False
90,Konstantin Vassiljev,Piast Gliwice,Pomocnik,0%,1.5,,28,POG (D),0,0,0,0,0,0,0,False
90,Konstantin Vassiljev,Piast Gliwice,Pomocnik,0%,1.5,,29,LGD (W),0,0,0,0,0,0,0,False
90,Konstantin Vassiljev,Piast Gliwice,Pomocnik,0%,1.5,,30,ARK (D),0,0,0,0,0,0,0,False
90,Konstantin Vassiljev,Piast Gliwice,Pomocnik,0%,1.5,,31,KOR (W),0,0,0,0,0,0,0,False
90,Konstantin Vassiljev,Piast Gliwice,Pomocnik,0%,1.5,,32,GKS (D),0,0,0,0,0,0,0,False
90,Konstantin Vassiljev,Piast Gliwice,Pomocnik,0%,1.5,,33,RCZ (D),0,0,0,0,0,0,0,False
90,Konstantin Vassiljev,Piast Gliwice,Pomocnik,0%,1.5,,34,WID (W),0,0,0,0,0,0,0,False
91,Emil Gajko,Jagiellonia Białystok,Napastnik,0%,0.7,,19,WID (W),0,0,0,0,0,0,0,False
91,Emil Gajko,Jagiellonia Białystok,Napastnik,0%,0.7,,19,GKS (D),0,0,0,0,0,0,0,False
91,Emil Gajko,Jagiellonia Białystok,Napastnik,0%,0.7,,20,MOT (D),0,0,0,0,0,0,0,False
91,Emil Gajko,Jagiellonia Białystok,Napastnik,0%,0.7,,21,CRA (W),0,0,0,0,0,0,0,False
91,Emil Gajko,Jagiellonia Białystok,Napastnik,0%,0.7,,22,RAD (D),0,0,0,0,0,0,0,False
91,Emil Gajko,Jagiellonia Białystok,Napastnik,0%,0.7,,23,LEG (D),0,0,0,0,0,0,0,False
91,Emil Gajko,Jagiellonia Białystok,Napastnik,0%,0.7,,24,LGD (W),0,0,0,0,0,0,0,False
91,Emil Gajko,Jagiellonia Białystok,Napastnik,0%,0.7,,25,PIA (D),0,0,0,0,0,0,0,False
91,Emil Gajko,Jagiellonia Białystok,Napastnik,0%,0.7,,26,WPŁ (D),0,0,0,0,0,0,0,False
91,Emil Gajko,Jagiellonia Białystok,Napastnik,0%,0.7,,27,LPO (D),0,0,0,0,0,0,0,False
91,Emil Gajko,Jagiellonia Białystok,Napastnik,0%,0.7,,28,KOR (W),0,0,0,0,0,0,0,False
91,Emil Gajko,Jagiellonia Białystok,Napastnik,0%,0.7,,29,ARK (W),0,0,0,0,0,0,0,False
91,Emil Gajko,Jagiellonia Białystok,Napastnik,0%,0.7,,30,GÓR (D),0,0,0,0,0,0,0,False
91,Emil Gajko,Jagiellonia Białystok,Napastnik,0%,0.7,,31,RCZ (W),0,0,0,0,0,0,0,False
91,Emil Gajko,Jagiellonia Białystok,Napastnik,0%,0.7,,32,POG (D),0,0,0,0,0,0,0,False
91,Emil Gajko,Jagiellonia Białystok,Napastnik,0%,0.7,,33,GKS (W),0,0,0,0,0,0,0,False
91,Emil Gajko,Jagiellonia Białystok,Napastnik,0%,0.7,,34,ZAG (D),0,0,0,0,0,0,0,False
92,Bartosz Giełażyn,Jagiellonia Białystok,Napastnik,0%,0.7,,19,WID (W),0,0,0,0,0,0,0,False
92,Bartosz Giełażyn,Jagiellonia Białystok,Napastnik,0%,0.7,,19,GKS (D),0,0,0,0,0,0,0,False
92,Bartosz Giełażyn,Jagiellonia Białystok,Napastnik,0%,0.7,,20,MOT (D),0,0,0,0,0,0,0,False
92,Bartosz Giełażyn,Jagiellonia Białystok,Napastnik,0%,0.7,,21,CRA (W),0,0,0,0,0,0,0,False
92,Bartosz Giełażyn,Jagiellonia Białystok,Napastnik,0%,0.7,,22,RAD (D),0,0,0,0,0,0,0,False
92,Bartosz Giełażyn,Jagiellonia Białystok,Napastnik,0%,0.7,,23,LEG (D),0,0,0,0,0,0,0,False
92,Bartosz Giełażyn,Jagiellonia Białystok,Napastnik,0%,0.7,,24,LGD (W),0,0,0,0,0,0,0,False
92,Bartosz Giełażyn,Jagiellonia Białystok,Napastnik,0%,0.7,,25,PIA (D),0,0,0,0,0,0,0,False
92,Bartosz Giełażyn,Jagiellonia Białystok,Napastnik,0%,0.7,,26,WPŁ (D),0,0,0,0,0,0,0,False
92,Bartosz Giełażyn,Jagiellonia Białystok,Napastnik,0%,0.7,,27,LPO (D),0,0,0,0,0,0,0,False
92,Bartosz Giełażyn,Jagiellonia Białystok,Napastnik,0%,0.7,,28,KOR (W),0,0,0,0,0,0,0,False
92,Bartosz Giełażyn,Jagiellonia Białystok,Napastnik,0%,0.7,,29,ARK (W),0,0,0,0,0,0,0,False
92,Bartosz Giełażyn,Jagiellonia Białystok,Napastnik,0%,0.7,,30,GÓR (D),0,0,0,0,0,0,0,False
92,Bartosz Giełażyn,Jagiellonia Białystok,Napastnik,0%,0.7,,31,RCZ (W),0,0,0,0,0,0,0,False
92,Bartosz Giełażyn,Jagiellonia Białystok,Napastnik,0%,0.7,,32,POG (D),0,0,0,0,0,0,0,False
92,Bartosz Giełażyn,Jagiellonia Białystok,Napastnik,0%,0.7,,33,GKS (W),0,0,0,0,0,0,0,False
92,Bartosz Giełażyn,Jagiellonia Białystok,Napastnik,0%,0.7,,34,ZAG (D),0,0,0,0,0,0,0,False
93,Maciej Górski,Korona Kielce,Napastnik,0%,1.6,,19,LEG (W),0,0,0,0,0,0,0,False
93,Maciej Górski,Korona Kielce,Napastnik,0%,1.6,,20,ZAG (D),0,0,0,0,0,0,0,False
93,Maciej Górski,Korona Kielce,Napastnik,0%,1.6,,21,RAD (W),0,0,0,0,0,0,0,False
93,Maciej Górski,Korona Kielce,Napastnik,0%,1.6,,22,LPO (D),0,0,0,0,0,0,0,False
93,Maciej Górski,Korona Kielce,Napastnik,0%,1.6,,23,MOT (W),0,0,0,0,0,0,0,False
93,Maciej Górski,Korona Kielce,Napastnik,0%,1.6,,24,BBT (D),0,0,0,0,0,0,0,False
93,Maciej Górski,Korona Kielce,Napastnik,0%,1.6,,25,POG (W),0,0,0,0,0,0,0,False
93,Maciej Górski,Korona Kielce,Napastnik,0%,1.6,,26,ARK (D),0,0,0,0,0,0,0,False
93,Maciej Górski,Korona Kielce,Napastnik,0%,1.6,,27,LGD (W),0,0,0,0,0,0,0,False
93,Maciej Górski,Korona Kielce,Napastnik,0%,1.6,,28,JAG (D),0,0,0,0,0,0,0,False
93,Maciej Górski,Korona Kielce,Napastnik,0%,1.6,,29,GÓR (W),0,0,0,0,0,0,0,False
93,Maciej Górski,Korona Kielce,Napastnik,0%,1.6,,30,GKS (D),0,0,0,0,0,0,0,False
93,Maciej Górski,Korona Kielce,Napastnik,0%,1.6,,31,PIA (D),0,0,0,0,0,0,0,False
93,Maciej Górski,Korona Kielce,Napastnik,0%,1.6,,32,RCZ (W),0,0,0,0,0,0,0,False
93,Maciej Górski,Korona Kielce,Napastnik,0%,1.6,,33,WID (D),0,0,0,0,0,0,0,False
93,Maciej Górski,Korona Kielce,Napastnik,0%,1.6,,34,CRA (W),0,0,0,0,0,0,0,False
94,Kacper Piechniak,Jagiellonia Białystok,Napastnik,0%,0.7,,19,WID (W),0,0,0,0,0,0,0,False
94,Kacper Piechniak,Jagiellonia Białystok,Napastnik,0%,0.7,,19,GKS (D),0,0,0,0,0,0,0,False
94,Kacper Piechniak,Jagiellonia Białystok,Napastnik,0%,0.7,,20,MOT (D),0,0,0,0,0,0,0,False
94,Kacper Piechniak,Jagiellonia Białystok,Napastnik,0%,0.7,,21,CRA (W),0,0,0,0,0,0,0,False
94,Kacper Piechniak,Jagiellonia Białystok,Napastnik,0%,0.7,,22,RAD (D),0,0,0,0,0,0,0,False
94,Kacper Piechniak,Jagiellonia Białystok,Napastnik,0%,0.7,,23,LEG (D),0,0,0,0,0,0,0,False
94,Kacper Piechniak,Jagiellonia Białystok,Napastnik,0%,0.7,,24,LGD (W),0,0,0,0,0,0,0,False
94,Kacper Piechniak,Jagiellonia Białystok,Napastnik,0%,0.7,,25,PIA (D),0,0,0,0,0,0,0,False
94,Kacper Piechniak,Jagiellonia Białystok,Napastnik,0%,0.7,,26,WPŁ (D),0,0,0,0,0,0,0,False
94,Kacper Piechniak,Jagiellonia Białystok,Napastnik,0%,0.7,,27,LPO (D),0,0,0,0,0,0,0,False
94,Kacper Piechniak,Jagiellonia Białystok,Napastnik,0%,0.7,,28,KOR (W),0,0,0,0,0,0,0,False
94,Kacper Piechniak,Jagiellonia Białystok,Napastnik,0%,0.7,,29,ARK (W),0,0,0,0,0,0,0,False
94,Kacper Piechniak,Jagiellonia Białystok,Napastnik,0%,0.7,,30,GÓR (D),0,0,0,0,0,0,0,False
94,Kacper Piechniak,Jagiellonia Białystok,Napastnik,0%,0.7,,31,RCZ (W),0,0,0,0,0,0,0,False
94,Kacper Piechniak,Jagiellonia Białystok,Napastnik,0%,0.7,,32,POG (D),0,0,0,0,0,0,0,False
94,Kacper Piechniak,Jagiellonia Białystok,Napastnik,0%,0.7,,33,GKS (W),0,0,0,0,0,0,0,False
94,Kacper Piechniak,Jagiellonia Białystok,Napastnik,0%,0.7,,34,ZAG (D),0,0,0,0,0,0,0,False
95,Karol Świderski,Jagiellonia Białystok,Napastnik,0%,2.1,,19,WID (W),0,0,0,0,0,0,0,False
95,Karol Świderski,Jagiellonia Białystok,Napastnik,0%,2.1,,19,GKS (D),0,0,0,0,0,0,0,False
95,Karol Świderski,Jagiellonia Białystok,Napastnik,0%,2.1,,20,MOT (D),0,0,0,0,0,0,0,False
95,Karol Świderski,Jagiellonia Białystok,Napastnik,0%,2.1,,21,CRA (W),0,0,0,0,0,0,0,False
95,Karol Świderski,Jagiellonia Białystok,Napastnik,0%,2.1,,22,RAD (D),0,0,0,0,0,0,0,False
95,Karol Świderski,Jagiellonia Białystok,Napastnik,0%,2.1,,23,LEG (D),0,0,0,0,0,0,0,False
95,Karol Świderski,Jagiellonia Białystok,Napastnik,0%,2.1,,24,LGD (W),0,0,0,0,0,0,0,False
95,Karol Świderski,Jagiellonia Białystok,Napastnik,0%,2.1,,25,PIA (D),0,0,0,0,0,0,0,False
95,Karol Świderski,Jagiellonia Białystok,Napastnik,0%,2.1,,26,WPŁ (D),0,0,0,0,0,0,0,False
95,Karol Świderski,Jagiellonia Białystok,Napastnik,0%,2.1,,27,LPO (D),0,0,0,0,0,0,0,False
95,Karol Świderski,Jagiellonia Białystok,Napastnik,0%,2.1,,28,KOR (W),0,0,0,0,0,0,0,False
95,Karol Świderski,Jagiellonia Białystok,Napastnik,0%,2.1,,29,ARK (W),0,0,0,0,0,0,0,False
95,Karol Świderski,Jagiellonia Białystok,Napastnik,0%,2.1,,30,GÓR (D),0,0,0,0,0,0,0,False
95,Karol Świderski,Jagiellonia Białystok,Napastnik,0%,2.1,,31,RCZ (W),0,0,0,0,0,0,0,False
95,Karol Świderski,Jagiellonia Białystok,Napastnik,0%,2.1,,32,POG (D),0,0,0,0,0,0,0,False
95,Karol Świderski,Jagiellonia Białystok,Napastnik,0%,2.1,,33,GKS (W),0,0,0,0,0,0,0,False
95,Karol Świderski,Jagiellonia Białystok,Napastnik,0%,2.1,,34,ZAG (D),0,0,0,0,0,0,0,False
97,Zbigniew Małkowski,Zagłębie Lubin,Bramkarz,0%,1.2,,19,GKS (D),0,0,0,0,0,0,0,False
97,Zbigniew Małkowski,Zagłębie Lubin,Bramkarz,0%,1.2,,20,KOR (W),0,0,0,0,0,0,0,False
97,Zbigniew Małkowski,Zagłębie Lubin,Bramkarz,0%,1.2,,21,RCZ (D),0,0,0,0,0,0,0,False
97,Zbigniew Małkowski,Zagłębie Lubin,Bramkarz,0%,1.2,,22,LGD (W),0,0,0,0,0,0,0,False
97,Zbigniew Małkowski,Zagłębie Lubin,Bramkarz,0%,1.2,,23,WPŁ (D),0,0,0,0,0,0,0,False
97,Zbigniew Małkowski,Zagłębie Lubin,Bramkarz,0%,1.2,,24,PIA (W),0,0,0,0,0,0,0,False
97,Zbigniew Małkowski,Zagłębie Lubin,Bramkarz,0%,1.2,,25,LPO (D),0,0,0,0,0,0,0,False
97,Zbigniew Małkowski,Zagłębie Lubin,Bramkarz,0%,1.2,,26,MOT (W),0,0,0,0,0,0,0,False
97,Zbigniew Małkowski,Zagłębie Lubin,Bramkarz,0%,1.2,,27,ARK (W),0,0,0,0,0,0,0,False
97,Zbigniew Małkowski,Zagłębie Lubin,Bramkarz,0%,1.2,,28,RAD (D),0,0,0,0,0,0,0,False
97,Zbigniew Małkowski,Zagłębie Lubin,Bramkarz,0%,1.2,,29,LEG (W),0,0,0,0,0,0,0,False
97,Zbigniew Małkowski,Zagłębie Lubin,Bramkarz,0%,1.2,,30,BBT (D),0,0,0,0,0,0,0,False
97,Zbigniew Małkowski,Zagłębie Lubin,Bramkarz,0%,1.2,,31,CRA (D),0,0,0,0,0,0,0,False
97,Zbigniew Małkowski,Zagłębie Lubin,Bramkarz,0%,1.2,,32,GÓR (W),0,0,0,0,0,0,0,False
97,Zbigniew Małkowski,Zagłębie Lubin,Bramkarz,0%,1.2,,33,POG (D),0,0,0,0,0,0,0,False
97,Zbigniew Małkowski,Zagłębie Lubin,Bramkarz,0%,1.2,,34,JAG (W),0,0,0,0,0,0,0,False
98,Artur Marzec,Korona Kielce,Bramkarz,0%,0.7,,19,LEG (W),0,0,0,0,0,0,0,False
98,Artur Marzec,Korona Kielce,Bramkarz,0%,0.7,,20,ZAG (D),0,0,0,0,0,0,0,False
98,Artur Marzec,Korona Kielce,Bramkarz,0%,0.7,,21,RAD (W),0,0,0,0,0,0,0,False
98,Artur Marzec,Korona Kielce,Bramkarz,0%,0.7,,22,LPO (D),0,0,0,0,0,0,0,False
98,Artur Marzec,Korona Kielce,Bramkarz,0%,0.7,,23,MOT (W),0,0,0,0,0,0,0,False
98,Artur Marzec,Korona Kielce,Bramkarz,0%,0.7,,24,BBT (D),0,0,0,0,0,0,0,False
98,Artur Marzec,Korona Kielce,Bramkarz,0%,0.7,,25,POG (W),0,0,0,0,0,0,0,False
98,Artur Marzec,Korona Kielce,Bramkarz,0%,0.7,,26,ARK (D),0,0,0,0,0,0,0,False
98,Artur Marzec,Korona Kielce,Bramkarz,0%,0.7,,27,LGD (W),0,0,0,0,0,0,0,False
98,Artur Marzec,Korona Kielce,Bramkarz,0%,0.7,,28,JAG (D),0,0,0,0,0,0,0,False
98,Artur Marzec,Korona Kielce,Bramkarz,0%,0.7,,29,GÓR (W),0,0,0,0,0,0,0,False
98,Artur Marzec,Korona Kielce,Bramkarz,0%,0.7,,30,GKS (D),0,0,0,0,0,0,0,False
98,Artur Marzec,Korona Kielce,Bramkarz,0%,0.7,,31,PIA (D),0,0,0,0,0,0,0,False
98,Artur Marzec,Korona Kielce,Bramkarz,0%,0.7,,32,RCZ (W),0,0,0,0,0,0,0,False
98,Artur Marzec,Korona Kielce,Bramkarz,0%,0.7,,33,WID (D),0,0,0,0,0,0,0,False
98,Artur Marzec,Korona Kielce,Bramkarz,0%,0.7,,34,CRA (W),0,0,0,0,0,0,0,False
99,Leonid Otczenaszenko,Korona Kielce,Bramkarz,0%,1.3,,19,LEG (W),0,0,0,0,0,0,0,False
99,Leonid Otczenaszenko,Korona Kielce,Bramkarz,0%,1.3,,20,ZAG (D),0,0,0,0,0,0,0,False
99,Leonid Otczenaszenko,Korona Kielce,Bramkarz,0%,1.3,,21,RAD (W),0,0,0,0,0,0,0,False
99,Leonid Otczenaszenko,Korona Kielce,Bramkarz,0%,1.3,,22,LPO (D),0,0,0,0,0,0,0,False
99,Leonid Otczenaszenko,Korona Kielce,Bramkarz,0%,1.3,,23,MOT (W),0,0,0,0,0,0,0,False
99,Leonid Otczenaszenko,Korona Kielce,Bramkarz,0%,1.3,,24,BBT (D),0,0,0,0,0,0,0,False
99,Leonid Otczenaszenko,Korona Kielce,Bramkarz,0%,1.3,,25,POG (W),0,0,0,0,0,0,0,False
99,Leonid Otczenaszenko,Korona Kielce,Bramkarz,0%,1.3,,26,ARK (D),0,0,0,0,0,0,0,False
99,Leonid Otczenaszenko,Korona Kielce,Bramkarz,0%,1.3,,27,LGD (W),0,0,0,0,0,0,0,False
99,Leonid Otczenaszenko,Korona Kielce,Bramkarz,0%,1.3,,28,JAG (D),0,0,0,0,0,0,0,False
99,Leonid Otczenaszenko,Korona Kielce,Bramkarz,0%,1.3,,29,GÓR (W),0,0,0,0,0,0,0,False
99,Leonid Otczenaszenko,Korona Kielce,Bramkarz,0%,1.3,,30,GKS (D),0,0,0,0,0,0,0,False
99,Leonid Otczenaszenko,Korona Kielce,Bramkarz,0%,1.3,,31,PIA (D),0,0,0,0,0,0,0,False
99,Leonid Otczenaszenko,Korona Kielce,Bramkarz,0%,1.3,,32,RCZ (W),0,0,0,0,0,0,0,False
99,Leonid Otczenaszenko,Korona Kielce,Bramkarz,0%,1.3,,33,WID (D),0,0,0,0,0,0,0,False
99,Leonid Otczenaszenko,Korona Kielce,Bramkarz,0%,1.3,,34,CRA (W),0,0,0,0,0,0,0,False
